order_id,product_id,quantity,unit_price
05798335-e85c-531d-9ff9-cf22dea94bcd,P000136,15,2.95
05798335-e85c-531d-9ff9-cf22dea94bcd,P000102,5,1.90
05798335-e85c-531d-9ff9-cf22dea94bcd,P000112,8,4.30
05798335-e85c-531d-9ff9-cf22dea94bcd,P000089,5,2.65
96f8a340-6738-5815-95ab-b5dff494e069,P000087,12,4.50
96f8a340-6738-5815-95ab-b5dff494e069,P000103,14,3.85
96f8a340-6738-5815-95ab-b5dff494e069,P000133,6,2.20
96f8a340-6738-5815-95ab-b5dff494e069,P000124,5,2.85
96f8a340-6738-5815-95ab-b5dff494e069,P000091,5,2.75
4298af92-23a4-586b-bec4-2c0fd6879726,P000134,1,4.25
55c7598a-881f-56db-b345-3bdb0916c77d,P000115,3,2.90
55c7598a-881f-56db-b345-3bdb0916c77d,P000101,2,3.40
55c7598a-881f-56db-b345-3bdb0916c77d,P000140,3,12.00
e0e70520-5e51-5805-b79f-36bd9b9f4df0,P000110,1,3.70
e0e70520-5e51-5805-b79f-36bd9b9f4df0,P000122,1,4.65
e0e70520-5e51-5805-b79f-36bd9b9f4df0,P000133,1,2.20
e0e70520-5e51-5805-b79f-36bd9b9f4df0,P000103,5,3.85
e0e70520-5e51-5805-b79f-36bd9b9f4df0,P000094,1,3.25
551c7799-b95f-5e3a-a1bc-60a44cb1797e,P000114,6,3.50
551c7799-b95f-5e3a-a1bc-60a44cb1797e,P000128,9,3.95
551c7799-b95f-5e3a-a1bc-60a44cb1797e,P000125,14,3.50
551c7799-b95f-5e3a-a1bc-60a44cb1797e,P000104,13,4.40
551c7799-b95f-5e3a-a1bc-60a44cb1797e,P000099,10,3.95
84fc3815-ccb3-54a1-87fe-802455bbf2af,P000129,10,4.10
84fc3815-ccb3-54a1-87fe-802455bbf2af,P000134,15,4.25
84fc3815-ccb3-54a1-87fe-802455bbf2af,P000132,7,4.80
84fc3815-ccb3-54a1-87fe-802455bbf2af,P000128,13,3.95
84fc3815-ccb3-54a1-87fe-802455bbf2af,P000100,6,3.80
76b3d718-d40b-57e3-906e-2b1b295639e5,P000134,8,4.25
76b3d718-d40b-57e3-906e-2b1b295639e5,P000101,11,3.40
76b3d718-d40b-57e3-906e-2b1b295639e5,P000105,4,4.25
b1c0c1d1-1880-50b6-a35d-756a91e37d77,P000084,4,2.40
b1c0c1d1-1880-50b6-a35d-756a91e37d77,P000094,4,3.25
b1c0c1d1-1880-50b6-a35d-756a91e37d77,P000123,4,4.20
b1c0c1d1-1880-50b6-a35d-756a91e37d77,P000098,5,5.50
b1c0c1d1-1880-50b6-a35d-756a91e37d77,P000090,5,3.70
55b27b47-a173-5ea5-ba2b-dcfc59a23338,P000128,3,3.95
55b27b47-a173-5ea5-ba2b-dcfc59a23338,P000130,13,3.30
55b27b47-a173-5ea5-ba2b-dcfc59a23338,P000121,4,3.20
55b27b47-a173-5ea5-ba2b-dcfc59a23338,P000088,9,4.80
55b27b47-a173-5ea5-ba2b-dcfc59a23338,P000123,13,4.20
55b27b47-a173-5ea5-ba2b-dcfc59a23338,P000094,13,3.25
2dc8c844-3f4c-5b9f-8d92-d67c66dc59f4,P000132,7,4.80
2dc8c844-3f4c-5b9f-8d92-d67c66dc59f4,P000133,5,2.20
2dc8c844-3f4c-5b9f-8d92-d67c66dc59f4,P000108,9,2.50
2dc8c844-3f4c-5b9f-8d92-d67c66dc59f4,P000084,14,2.40
d562aad3-4693-5001-9854-9f198b67b1b1,P000110,11,3.70
d562aad3-4693-5001-9854-9f198b67b1b1,P000109,12,3.10
d562aad3-4693-5001-9854-9f198b67b1b1,P000128,15,3.95
d562aad3-4693-5001-9854-9f198b67b1b1,P000136,13,2.95
28054a0e-0254-5944-81d1-4fa960df5256,P000119,4,3.75
28054a0e-0254-5944-81d1-4fa960df5256,P000129,12,4.10
28054a0e-0254-5944-81d1-4fa960df5256,P000098,6,5.50
28054a0e-0254-5944-81d1-4fa960df5256,P000083,9,2.80
28054a0e-0254-5944-81d1-4fa960df5256,P000089,12,2.65
1fe1fd76-334e-5257-91ed-5489eb0bf398,P000133,1,2.20
1fe1fd76-334e-5257-91ed-5489eb0bf398,P000092,4,3.60
1fe1fd76-334e-5257-91ed-5489eb0bf398,P000138,1,2.90
3db1feb5-f451-522d-882e-804497f90601,P000129,4,4.10
3db1feb5-f451-522d-882e-804497f90601,P000111,7,4.60
3db1feb5-f451-522d-882e-804497f90601,P000101,9,3.40
3db1feb5-f451-522d-882e-804497f90601,P000096,7,2.20
3db1feb5-f451-522d-882e-804497f90601,P000092,12,3.60
c6415f96-f706-5996-83ca-53cd2f72c33a,P000111,1,4.60
c6415f96-f706-5996-83ca-53cd2f72c33a,P000083,2,2.80
c6415f96-f706-5996-83ca-53cd2f72c33a,P000127,3,4.40
4b9bb77c-cea2-5ffc-80b8-e8d0afbfc748,P000088,5,4.80
4b9bb77c-cea2-5ffc-80b8-e8d0afbfc748,P000112,5,4.30
4b9bb77c-cea2-5ffc-80b8-e8d0afbfc748,P000113,7,4.10
71786362-aba6-5e67-9846-0f4a6b262406,P000120,3,2.60
71786362-aba6-5e67-9846-0f4a6b262406,P000091,3,2.75
71786362-aba6-5e67-9846-0f4a6b262406,P000114,5,3.50
3bbfdded-e762-51ce-bae8-0f8262d30a00,P000093,1,4.75
3bbfdded-e762-51ce-bae8-0f8262d30a00,P000125,5,3.50
3bbfdded-e762-51ce-bae8-0f8262d30a00,P000115,1,2.90
3bbfdded-e762-51ce-bae8-0f8262d30a00,P000138,2,2.90
2aa26e39-7da5-5e03-9b86-d0922878d78f,P000091,10,2.75
2aa26e39-7da5-5e03-9b86-d0922878d78f,P000090,9,3.70
2aa26e39-7da5-5e03-9b86-d0922878d78f,P000117,14,4.35
2aa26e39-7da5-5e03-9b86-d0922878d78f,P000103,10,3.85
ecf83fbf-f925-5585-b586-d2b3b450edfc,P000122,3,4.65
ecf83fbf-f925-5585-b586-d2b3b450edfc,P000119,2,3.75
ecf83fbf-f925-5585-b586-d2b3b450edfc,P000134,1,4.25
c7631a53-1fa5-5c59-afc4-c5f2656f86e1,P000085,12,1.95
c7631a53-1fa5-5c59-afc4-c5f2656f86e1,P000124,11,2.85
c7631a53-1fa5-5c59-afc4-c5f2656f86e1,P000095,9,3.95
4fe6b9a0-e50e-5a55-bfb7-75093a180132,P000100,7,3.80
4fe6b9a0-e50e-5a55-bfb7-75093a180132,P000122,5,4.65
4fe6b9a0-e50e-5a55-bfb7-75093a180132,P000085,6,1.95
4fe6b9a0-e50e-5a55-bfb7-75093a180132,P000124,10,2.85
be272ae4-ece3-56ca-a64c-f4a50af5838d,P000111,8,4.60
be272ae4-ece3-56ca-a64c-f4a50af5838d,P000117,10,4.35
be272ae4-ece3-56ca-a64c-f4a50af5838d,P000133,5,2.20
86b0ad33-1b85-561e-bb63-131b7f1b09af,P000114,6,3.50
86b0ad33-1b85-561e-bb63-131b7f1b09af,P000101,11,3.40
86b0ad33-1b85-561e-bb63-131b7f1b09af,P000092,6,3.60
86b0ad33-1b85-561e-bb63-131b7f1b09af,P000111,9,4.60
86b0ad33-1b85-561e-bb63-131b7f1b09af,P000102,8,1.90
b8bedb15-0ac5-5b42-a1a2-39305099dfa5,P000127,2,4.40
b8bedb15-0ac5-5b42-a1a2-39305099dfa5,P000110,5,3.70
b8bedb15-0ac5-5b42-a1a2-39305099dfa5,P000128,2,3.95
987e0b31-4b26-53e2-8b86-4d8f0858c849,P000139,12,4.75
987e0b31-4b26-53e2-8b86-4d8f0858c849,P000103,6,3.85
987e0b31-4b26-53e2-8b86-4d8f0858c849,P000097,4,4.10
987e0b31-4b26-53e2-8b86-4d8f0858c849,P000132,9,4.80
d478d5cd-7614-585b-a9ff-95c813fea193,P000138,3,2.90
d478d5cd-7614-585b-a9ff-95c813fea193,P000097,11,4.10
d478d5cd-7614-585b-a9ff-95c813fea193,P000121,9,3.20
d478d5cd-7614-585b-a9ff-95c813fea193,P000124,7,2.85
73926f5d-93cc-5c1d-8aa4-5535501bab97,P000087,7,4.50
73926f5d-93cc-5c1d-8aa4-5535501bab97,P000105,11,4.25
73926f5d-93cc-5c1d-8aa4-5535501bab97,P000106,4,3.60
73926f5d-93cc-5c1d-8aa4-5535501bab97,P000096,8,2.20
73926f5d-93cc-5c1d-8aa4-5535501bab97,P000093,9,4.75
73926f5d-93cc-5c1d-8aa4-5535501bab97,P000130,7,3.30
243d2fd8-dc1a-541b-90c0-501455838492,P000101,11,3.40
243d2fd8-dc1a-541b-90c0-501455838492,P000142,10,2.75
243d2fd8-dc1a-541b-90c0-501455838492,P000105,9,4.25
243d2fd8-dc1a-541b-90c0-501455838492,P000132,8,4.80
290272f2-5035-553d-a184-52b26082efbd,P000104,3,4.40
290272f2-5035-553d-a184-52b26082efbd,P000130,1,3.30
290272f2-5035-553d-a184-52b26082efbd,P000101,3,3.40
e981c814-a890-552d-8bdd-43a779fca179,P000114,8,3.50
e981c814-a890-552d-8bdd-43a779fca179,P000094,7,3.25
e981c814-a890-552d-8bdd-43a779fca179,P000131,11,3.45
3367bca1-9d52-5d26-b6e7-247a3ee5599f,P000084,3,2.40
3367bca1-9d52-5d26-b6e7-247a3ee5599f,P000096,2,2.20
3367bca1-9d52-5d26-b6e7-247a3ee5599f,P000101,1,3.40
9db78ec3-2fec-5b6f-ad60-1fb159b0683e,P000125,10,3.50
9db78ec3-2fec-5b6f-ad60-1fb159b0683e,P000108,13,2.50
9db78ec3-2fec-5b6f-ad60-1fb159b0683e,P000110,6,3.70
9db78ec3-2fec-5b6f-ad60-1fb159b0683e,P000103,10,3.85
d7d8fbd4-e818-57ea-8640-2b694a3d3fa7,P000109,9,3.10
d7d8fbd4-e818-57ea-8640-2b694a3d3fa7,P000090,9,3.70
d7d8fbd4-e818-57ea-8640-2b694a3d3fa7,P000134,14,4.25
d7d8fbd4-e818-57ea-8640-2b694a3d3fa7,P000091,7,2.75
319ba046-56a6-5578-9559-8fbf650b3a5a,P000113,6,4.10
319ba046-56a6-5578-9559-8fbf650b3a5a,P000125,5,3.50
319ba046-56a6-5578-9559-8fbf650b3a5a,P000120,10,2.60
319ba046-56a6-5578-9559-8fbf650b3a5a,P000096,9,2.20
319ba046-56a6-5578-9559-8fbf650b3a5a,P000119,8,3.75
319ba046-56a6-5578-9559-8fbf650b3a5a,P000127,11,4.40
b50ea716-5969-5e1a-8d30-ab505442a67d,P000118,6,3.90
b50ea716-5969-5e1a-8d30-ab505442a67d,P000111,11,4.60
b50ea716-5969-5e1a-8d30-ab505442a67d,P000132,5,4.80
b50ea716-5969-5e1a-8d30-ab505442a67d,P000084,4,2.40
b50ea716-5969-5e1a-8d30-ab505442a67d,P000107,8,3.20
563a1f4a-a86c-5d51-94ad-5f63c382ff02,P000137,11,3.80
563a1f4a-a86c-5d51-94ad-5f63c382ff02,P000136,9,2.95
563a1f4a-a86c-5d51-94ad-5f63c382ff02,P000102,6,1.90
563a1f4a-a86c-5d51-94ad-5f63c382ff02,P000127,6,4.40
563a1f4a-a86c-5d51-94ad-5f63c382ff02,P000115,8,2.90
6fe7aff0-3d53-56a4-ba94-0b4fd314b603,P000136,4,2.95
6fe7aff0-3d53-56a4-ba94-0b4fd314b603,P000088,1,4.80
6fe7aff0-3d53-56a4-ba94-0b4fd314b603,P000123,4,4.20
6fe7aff0-3d53-56a4-ba94-0b4fd314b603,P000090,5,3.70
25b86c14-5d80-5278-905c-9373013681d6,P000119,12,3.75
25b86c14-5d80-5278-905c-9373013681d6,P000087,7,4.50
25b86c14-5d80-5278-905c-9373013681d6,P000114,6,3.50
4b3f2b19-f807-5592-a5b1-6067413222f4,P000101,13,3.40
4b3f2b19-f807-5592-a5b1-6067413222f4,P000083,12,2.80
4b3f2b19-f807-5592-a5b1-6067413222f4,P000108,11,2.50
4b3f2b19-f807-5592-a5b1-6067413222f4,P000102,8,1.90
0b33431c-4539-5ab2-8272-161e2000b859,P000104,3,4.40
0b33431c-4539-5ab2-8272-161e2000b859,P000113,2,4.10
0b33431c-4539-5ab2-8272-161e2000b859,P000119,2,3.75
7bc607f1-32b5-5aac-840c-5b0e895d5740,P000131,12,3.45
7bc607f1-32b5-5aac-840c-5b0e895d5740,P000110,13,3.70
7bc607f1-32b5-5aac-840c-5b0e895d5740,P000139,10,4.75
7bc607f1-32b5-5aac-840c-5b0e895d5740,P000126,10,2.70
7bc607f1-32b5-5aac-840c-5b0e895d5740,P000120,9,2.60
7e1a185b-af72-56ed-b21e-424115f48392,P000132,13,4.80
7e1a185b-af72-56ed-b21e-424115f48392,P000138,8,2.90
7e1a185b-af72-56ed-b21e-424115f48392,P000123,11,4.20
7e1a185b-af72-56ed-b21e-424115f48392,P000102,14,1.90
e28c9360-8980-5d89-b065-f189d41085ce,P000113,1,4.10
e28c9360-8980-5d89-b065-f189d41085ce,P000107,2,3.20
e28c9360-8980-5d89-b065-f189d41085ce,P000100,3,3.80
0997e70e-a5ef-5550-a73e-68dc92f71d68,P000093,8,4.75
0997e70e-a5ef-5550-a73e-68dc92f71d68,P000103,6,3.85
0997e70e-a5ef-5550-a73e-68dc92f71d68,P000096,11,2.20
0997e70e-a5ef-5550-a73e-68dc92f71d68,P000097,8,4.10
0997e70e-a5ef-5550-a73e-68dc92f71d68,P000101,5,3.40
0997e70e-a5ef-5550-a73e-68dc92f71d68,P000138,4,2.90
d04252f5-f964-5687-a0db-8b439d8f7997,P000099,12,3.95
d04252f5-f964-5687-a0db-8b439d8f7997,P000090,3,3.70
d04252f5-f964-5687-a0db-8b439d8f7997,P000138,12,2.90
d04252f5-f964-5687-a0db-8b439d8f7997,P000092,7,3.60
6e255922-d885-58cc-a006-fa8f63010ce3,P000110,5,3.70
6e255922-d885-58cc-a006-fa8f63010ce3,P000119,4,3.75
6e255922-d885-58cc-a006-fa8f63010ce3,P000084,2,2.40
6e255922-d885-58cc-a006-fa8f63010ce3,P000083,3,2.80
c58d0998-6dd0-5da4-af5d-0b2a856fb1bb,P000127,5,4.40
c58d0998-6dd0-5da4-af5d-0b2a856fb1bb,P000087,4,4.50
c58d0998-6dd0-5da4-af5d-0b2a856fb1bb,P000126,8,2.70
c58d0998-6dd0-5da4-af5d-0b2a856fb1bb,P000112,7,4.30
c58d0998-6dd0-5da4-af5d-0b2a856fb1bb,P000128,12,3.95
c58d0998-6dd0-5da4-af5d-0b2a856fb1bb,P000095,6,3.95
d8b4050e-c6c7-532c-bceb-016fa1b4ffa4,P000115,3,2.90
d8b4050e-c6c7-532c-bceb-016fa1b4ffa4,P000132,2,4.80
d8b4050e-c6c7-532c-bceb-016fa1b4ffa4,P000133,4,2.20
d8b4050e-c6c7-532c-bceb-016fa1b4ffa4,P000135,2,4.55
d8b4050e-c6c7-532c-bceb-016fa1b4ffa4,P000100,4,3.80
f47c601c-45da-5185-8921-7cb0b5d6d1f8,P000129,12,4.10
f47c601c-45da-5185-8921-7cb0b5d6d1f8,P000091,14,2.75
f47c601c-45da-5185-8921-7cb0b5d6d1f8,P000131,10,3.45
b2257300-36c9-53b9-bef2-440665c994d6,P000100,1,3.80
b2257300-36c9-53b9-bef2-440665c994d6,P000122,2,4.65
b621fa73-9e74-5737-8404-afdb626df4ea,P000094,9,3.25
b621fa73-9e74-5737-8404-afdb626df4ea,P000097,10,4.10
b621fa73-9e74-5737-8404-afdb626df4ea,P000112,10,4.30
b621fa73-9e74-5737-8404-afdb626df4ea,P000107,6,3.20
4b93826c-aa8f-52b8-9184-8140aa28ea1f,P000132,9,4.80
4b93826c-aa8f-52b8-9184-8140aa28ea1f,P000133,7,2.20
4b93826c-aa8f-52b8-9184-8140aa28ea1f,P000107,12,3.20
b443c9aa-65db-5834-84b2-0385b471175a,P000120,4,2.60
b443c9aa-65db-5834-84b2-0385b471175a,P000115,1,2.90
b443c9aa-65db-5834-84b2-0385b471175a,P000102,3,1.90
b443c9aa-65db-5834-84b2-0385b471175a,P000086,3,4.20
b443c9aa-65db-5834-84b2-0385b471175a,P000119,4,3.75
d9546057-b2d2-5f55-9926-fe035d2b4e4a,P000101,1,3.40
d9546057-b2d2-5f55-9926-fe035d2b4e4a,P000125,1,3.50
9ca3e843-71bd-57c8-962a-f7f8cb342e35,P000130,12,3.30
9ca3e843-71bd-57c8-962a-f7f8cb342e35,P000108,4,2.50
9ca3e843-71bd-57c8-962a-f7f8cb342e35,P000128,13,3.95
9ca3e843-71bd-57c8-962a-f7f8cb342e35,P000091,13,2.75
774230eb-fa3f-5133-a236-bab375c5d85d,P000106,6,3.60
774230eb-fa3f-5133-a236-bab375c5d85d,P000088,5,4.80
774230eb-fa3f-5133-a236-bab375c5d85d,P000094,7,3.25
774230eb-fa3f-5133-a236-bab375c5d85d,P000096,7,2.20
774230eb-fa3f-5133-a236-bab375c5d85d,P000087,11,4.50
a44b1714-be6a-5681-988c-e84cd87ae1d2,P000089,11,2.65
a44b1714-be6a-5681-988c-e84cd87ae1d2,P000105,7,4.25
a44b1714-be6a-5681-988c-e84cd87ae1d2,P000133,12,2.20
a44b1714-be6a-5681-988c-e84cd87ae1d2,P000103,5,3.85
a44b1714-be6a-5681-988c-e84cd87ae1d2,P000092,6,3.60
c1d01567-90c4-5a43-8e3f-753fa7621e83,P000102,13,1.90
c1d01567-90c4-5a43-8e3f-753fa7621e83,P000118,14,3.90
c1d01567-90c4-5a43-8e3f-753fa7621e83,P000120,5,2.60
c1d01567-90c4-5a43-8e3f-753fa7621e83,P000108,12,2.50
68dca30c-0373-53a5-82a8-1deb47c357ad,P000119,7,3.75
68dca30c-0373-53a5-82a8-1deb47c357ad,P000130,11,3.30
68dca30c-0373-53a5-82a8-1deb47c357ad,P000090,10,3.70
68dca30c-0373-53a5-82a8-1deb47c357ad,P000120,7,2.60
68dca30c-0373-53a5-82a8-1deb47c357ad,P000113,12,4.10
6b3ead6f-66e3-5e5a-81d8-3637f0bee0bc,P000098,8,5.50
6b3ead6f-66e3-5e5a-81d8-3637f0bee0bc,P000111,14,4.60
6b3ead6f-66e3-5e5a-81d8-3637f0bee0bc,P000127,12,4.40
d928c949-54b9-5e05-aabd-4524936a6be0,P000102,10,1.90
d928c949-54b9-5e05-aabd-4524936a6be0,P000120,6,2.60
d928c949-54b9-5e05-aabd-4524936a6be0,P000142,13,2.75
d928c949-54b9-5e05-aabd-4524936a6be0,P000092,5,3.60
2a2d7a90-c258-53de-b3bb-69dc4cbdc3dc,P000102,5,1.90
2a2d7a90-c258-53de-b3bb-69dc4cbdc3dc,P000108,1,2.50
7adbb918-95dd-524c-8aae-176d9df8b78f,P000085,14,1.95
7adbb918-95dd-524c-8aae-176d9df8b78f,P000138,7,2.90
7adbb918-95dd-524c-8aae-176d9df8b78f,P000126,4,2.70
7adbb918-95dd-524c-8aae-176d9df8b78f,P000097,8,4.10
7adbb918-95dd-524c-8aae-176d9df8b78f,P000091,5,2.75
d1b5fbdb-dd61-5300-9d13-e4af5122f51a,P000128,5,3.95
d1b5fbdb-dd61-5300-9d13-e4af5122f51a,P000099,5,3.95
d1b5fbdb-dd61-5300-9d13-e4af5122f51a,P000132,3,4.80
d1b5fbdb-dd61-5300-9d13-e4af5122f51a,P000103,5,3.85
e34f0900-f79b-5cef-abdf-83b24fc41305,P000084,4,2.40
e34f0900-f79b-5cef-abdf-83b24fc41305,P000132,3,4.80
e34f0900-f79b-5cef-abdf-83b24fc41305,P000094,12,3.25
e34f0900-f79b-5cef-abdf-83b24fc41305,P000108,6,2.50
e34f0900-f79b-5cef-abdf-83b24fc41305,P000125,13,3.50
e34f0900-f79b-5cef-abdf-83b24fc41305,P000116,12,3.80
651c3892-7b1a-59d9-8dc8-6ecb91a875eb,P000104,5,4.40
651c3892-7b1a-59d9-8dc8-6ecb91a875eb,P000091,4,2.75
37e8c343-12e3-56e5-a961-85bbc1733248,P000127,10,4.40
37e8c343-12e3-56e5-a961-85bbc1733248,P000098,5,5.50
37e8c343-12e3-56e5-a961-85bbc1733248,P000122,3,4.65
64078dca-84d5-582d-9fcb-42216d16793f,P000113,5,4.10
64078dca-84d5-582d-9fcb-42216d16793f,P000141,3,4.30
64078dca-84d5-582d-9fcb-42216d16793f,P000128,5,3.95
64078dca-84d5-582d-9fcb-42216d16793f,P000142,4,2.75
64078dca-84d5-582d-9fcb-42216d16793f,P000086,4,4.20
8e69a5ac-39a9-5fff-a43a-3fad669f0965,P000114,4,3.50
8e69a5ac-39a9-5fff-a43a-3fad669f0965,P000094,9,3.25
8e69a5ac-39a9-5fff-a43a-3fad669f0965,P000126,11,2.70
8e69a5ac-39a9-5fff-a43a-3fad669f0965,P000106,10,3.60
8e69a5ac-39a9-5fff-a43a-3fad669f0965,P000142,11,2.75
8e69a5ac-39a9-5fff-a43a-3fad669f0965,P000124,7,2.85
5c78a57e-5780-58ba-bf1c-562b57ac5df8,P000095,10,3.95
5c78a57e-5780-58ba-bf1c-562b57ac5df8,P000131,5,3.45
5c78a57e-5780-58ba-bf1c-562b57ac5df8,P000101,6,3.40
5c78a57e-5780-58ba-bf1c-562b57ac5df8,P000094,10,3.25
5c78a57e-5780-58ba-bf1c-562b57ac5df8,P000129,11,4.10
2e5334c1-f159-5a40-a906-a8238ffbfde9,P000141,3,4.30
2e5334c1-f159-5a40-a906-a8238ffbfde9,P000096,4,2.20
88c919a2-8029-570f-9cfa-ec2c576ca4a6,P000110,5,3.70
88c919a2-8029-570f-9cfa-ec2c576ca4a6,P000098,12,5.50
88c919a2-8029-570f-9cfa-ec2c576ca4a6,P000113,7,4.10
88c919a2-8029-570f-9cfa-ec2c576ca4a6,P000111,11,4.60
88c919a2-8029-570f-9cfa-ec2c576ca4a6,P000083,6,2.80
9c8c02b8-e634-58c3-bb35-27971e6f32fa,P000117,11,4.35
9c8c02b8-e634-58c3-bb35-27971e6f32fa,P000130,5,3.30
9c8c02b8-e634-58c3-bb35-27971e6f32fa,P000092,12,3.60
b06c3cfc-e97c-5f4f-9213-8e9f2f3bdb2b,P000084,3,2.40
b06c3cfc-e97c-5f4f-9213-8e9f2f3bdb2b,P000086,1,4.20
b06c3cfc-e97c-5f4f-9213-8e9f2f3bdb2b,P000099,5,3.95
b06c3cfc-e97c-5f4f-9213-8e9f2f3bdb2b,P000102,2,1.90
d13d58a5-9bee-5379-a297-831124eb1368,P000132,11,4.80
d13d58a5-9bee-5379-a297-831124eb1368,P000091,11,2.75
d13d58a5-9bee-5379-a297-831124eb1368,P000113,10,4.10
3111ea0f-f8bb-5985-a62c-adde0917c638,P000130,1,3.30
725b3f13-6245-50be-ac22-82f17af1eb71,P000126,1,2.70
725b3f13-6245-50be-ac22-82f17af1eb71,P000098,1,5.50
725b3f13-6245-50be-ac22-82f17af1eb71,P000103,3,3.85
dd102fc0-88e4-5ec3-881e-de1294735d24,P000117,8,4.35
dd102fc0-88e4-5ec3-881e-de1294735d24,P000139,8,4.75
dd102fc0-88e4-5ec3-881e-de1294735d24,P000113,9,4.10
dd102fc0-88e4-5ec3-881e-de1294735d24,P000114,6,3.50
dd102fc0-88e4-5ec3-881e-de1294735d24,P000131,5,3.45
dd102fc0-88e4-5ec3-881e-de1294735d24,P000121,6,3.20
aaaeca38-7f1e-56e3-a5d9-935c5b318aa9,P000116,1,3.80
aaaeca38-7f1e-56e3-a5d9-935c5b318aa9,P000141,1,4.30
aaaeca38-7f1e-56e3-a5d9-935c5b318aa9,P000108,5,2.50
fa05e165-70ed-5fa4-84c4-5596db6072ae,P000112,12,4.30
fa05e165-70ed-5fa4-84c4-5596db6072ae,P000091,11,2.75
fa05e165-70ed-5fa4-84c4-5596db6072ae,P000114,12,3.50
b8b3aaf5-06a9-51cc-888d-63eadd40c756,P000119,1,3.75
b8b3aaf5-06a9-51cc-888d-63eadd40c756,P000115,2,2.90
b8b3aaf5-06a9-51cc-888d-63eadd40c756,P000088,2,4.80
6315dc5a-c8a5-5a36-b626-905eb969b437,P000127,10,4.40
6315dc5a-c8a5-5a36-b626-905eb969b437,P000092,6,3.60
6315dc5a-c8a5-5a36-b626-905eb969b437,P000132,9,4.80
cdae6ce5-a20c-5c61-bb59-d0263a697c52,P000103,12,3.85
cdae6ce5-a20c-5c61-bb59-d0263a697c52,P000134,10,4.25
cdae6ce5-a20c-5c61-bb59-d0263a697c52,P000138,6,2.90
cdae6ce5-a20c-5c61-bb59-d0263a697c52,P000125,7,3.50
cdae6ce5-a20c-5c61-bb59-d0263a697c52,P000141,5,4.30
0f9717d4-7a77-5648-9395-e0fd99976033,P000136,1,2.95
ad735de0-359d-5159-81b4-9cfb624f9017,P000110,5,3.70
ad735de0-359d-5159-81b4-9cfb624f9017,P000117,6,4.35
ad735de0-359d-5159-81b4-9cfb624f9017,P000094,12,3.25
ad735de0-359d-5159-81b4-9cfb624f9017,P000097,5,4.10
d8d851d4-6014-52a0-8326-18f270129fad,P000127,5,4.40
d8d851d4-6014-52a0-8326-18f270129fad,P000133,5,2.20
150070c7-172d-5ee7-b9fd-9bafafb373d8,P000106,3,3.60
150070c7-172d-5ee7-b9fd-9bafafb373d8,P000129,5,4.10
150070c7-172d-5ee7-b9fd-9bafafb373d8,P000109,4,3.10
150070c7-172d-5ee7-b9fd-9bafafb373d8,P000133,4,2.20
150070c7-172d-5ee7-b9fd-9bafafb373d8,P000108,3,2.50
d8ab14f2-673e-50ce-b3be-615fd429124a,P000111,4,4.60
d8ab14f2-673e-50ce-b3be-615fd429124a,P000113,6,4.10
d8ab14f2-673e-50ce-b3be-615fd429124a,P000110,6,3.70
4e16bcab-81cd-5979-a1a3-08076acd2d17,P000139,6,4.75
4e16bcab-81cd-5979-a1a3-08076acd2d17,P000125,9,3.50
4e16bcab-81cd-5979-a1a3-08076acd2d17,P000120,4,2.60
4e16bcab-81cd-5979-a1a3-08076acd2d17,P000102,4,1.90
4e16bcab-81cd-5979-a1a3-08076acd2d17,P000101,7,3.40
83d9748f-1dc0-5da5-aa80-74d33905ba35,P000126,1,2.70
7b21aebb-c4bb-5a36-9421-ca29e36a2e9e,P000114,1,3.50
7b21aebb-c4bb-5a36-9421-ca29e36a2e9e,P000096,2,2.20
925faeea-081d-5e20-8996-1839eb57ef10,P000141,12,4.30
925faeea-081d-5e20-8996-1839eb57ef10,P000136,10,2.95
925faeea-081d-5e20-8996-1839eb57ef10,P000089,7,2.65
925faeea-081d-5e20-8996-1839eb57ef10,P000120,11,2.60
925faeea-081d-5e20-8996-1839eb57ef10,P000107,7,3.20
4ab1260f-aded-5f4a-a828-74583cd66e3a,P000115,13,2.90
4ab1260f-aded-5f4a-a828-74583cd66e3a,P000131,11,3.45
4ab1260f-aded-5f4a-a828-74583cd66e3a,P000139,7,4.75
4ab1260f-aded-5f4a-a828-74583cd66e3a,P000092,6,3.60
0c028fa4-93ec-58d0-8de7-42d8dce26dc1,P000112,6,4.30
0c028fa4-93ec-58d0-8de7-42d8dce26dc1,P000135,7,4.55
0c028fa4-93ec-58d0-8de7-42d8dce26dc1,P000141,9,4.30
0c028fa4-93ec-58d0-8de7-42d8dce26dc1,P000119,9,3.75
4ea7f965-11d2-54df-812d-893d804cb1fa,P000097,4,4.10
4ea7f965-11d2-54df-812d-893d804cb1fa,P000121,4,3.20
4ea7f965-11d2-54df-812d-893d804cb1fa,P000109,9,3.10
4ea7f965-11d2-54df-812d-893d804cb1fa,P000092,4,3.60
4ea7f965-11d2-54df-812d-893d804cb1fa,P000127,14,4.40
4ea7f965-11d2-54df-812d-893d804cb1fa,P000091,14,2.75
a64b1361-3e7b-57b2-ad51-6c1d07344e1e,P000102,14,1.90
a64b1361-3e7b-57b2-ad51-6c1d07344e1e,P000096,9,2.20
a64b1361-3e7b-57b2-ad51-6c1d07344e1e,P000106,5,3.60
f0aa9f19-85cc-5edd-858c-a737ca679cb4,P000139,13,4.75
f0aa9f19-85cc-5edd-858c-a737ca679cb4,P000109,11,3.10
f0aa9f19-85cc-5edd-858c-a737ca679cb4,P000121,10,3.20
2308c36e-b525-54c5-8826-b46cb03c530d,P000091,11,2.75
2308c36e-b525-54c5-8826-b46cb03c530d,P000126,11,2.70
2308c36e-b525-54c5-8826-b46cb03c530d,P000121,10,3.20
4dd85bc2-b97f-51f4-80ae-77ed67dc33be,P000125,2,3.50
4dd85bc2-b97f-51f4-80ae-77ed67dc33be,P000126,3,2.70
4dd85bc2-b97f-51f4-80ae-77ed67dc33be,P000087,2,4.50
c67dee9a-5593-571f-bd7d-ac0a7254127b,P000128,1,3.95
c67dee9a-5593-571f-bd7d-ac0a7254127b,P000141,3,4.30
c67dee9a-5593-571f-bd7d-ac0a7254127b,P000126,5,2.70
c67dee9a-5593-571f-bd7d-ac0a7254127b,P000139,4,4.75
c67dee9a-5593-571f-bd7d-ac0a7254127b,P000114,3,3.50
52fa5927-9f1f-57b5-9575-04386498d665,P000108,1,2.50
52fa5927-9f1f-57b5-9575-04386498d665,P000097,2,4.10
52fa5927-9f1f-57b5-9575-04386498d665,P000137,3,3.80
52fa5927-9f1f-57b5-9575-04386498d665,P000119,1,3.75
0ab4b0e7-a4db-5652-906a-0f061b5aa2a8,P000133,3,2.20
0ab4b0e7-a4db-5652-906a-0f061b5aa2a8,P000130,1,3.30
0ab4b0e7-a4db-5652-906a-0f061b5aa2a8,P000122,1,4.65
0ab4b0e7-a4db-5652-906a-0f061b5aa2a8,P000102,4,1.90
98f7322e-7caa-56be-8788-61d865c5a13f,P000096,9,2.20
98f7322e-7caa-56be-8788-61d865c5a13f,P000119,6,3.75
98f7322e-7caa-56be-8788-61d865c5a13f,P000101,11,3.40
98f7322e-7caa-56be-8788-61d865c5a13f,P000117,5,4.35
98f7322e-7caa-56be-8788-61d865c5a13f,P000127,12,4.40
98f7322e-7caa-56be-8788-61d865c5a13f,P000084,9,2.40
ff5b0dba-029c-5550-99ff-0f22959a941b,P000128,5,3.95
ff5b0dba-029c-5550-99ff-0f22959a941b,P000130,12,3.30
ff5b0dba-029c-5550-99ff-0f22959a941b,P000099,8,3.95
ff5b0dba-029c-5550-99ff-0f22959a941b,P000096,6,2.20
ff5b0dba-029c-5550-99ff-0f22959a941b,P000097,9,4.10
c73de8a7-8a13-56d3-b4ed-9548368f3e53,P000098,3,5.50
c73de8a7-8a13-56d3-b4ed-9548368f3e53,P000134,1,4.25
19f97720-7d89-5951-99b3-f33496c06173,P000131,1,3.45
19f97720-7d89-5951-99b3-f33496c06173,P000108,3,2.50
33b7b4a7-0c04-5f23-935c-654ec4368153,P000084,2,2.40
f2ae2ccb-eda0-5733-b47c-a82b87c2246d,P000107,7,3.20
f2ae2ccb-eda0-5733-b47c-a82b87c2246d,P000103,14,3.85
f2ae2ccb-eda0-5733-b47c-a82b87c2246d,P000139,10,4.75
74f4188a-aae6-54f2-8a63-c634c099098b,P000140,8,12.00
74f4188a-aae6-54f2-8a63-c634c099098b,P000095,11,3.95
74f4188a-aae6-54f2-8a63-c634c099098b,P000097,11,4.10
74f4188a-aae6-54f2-8a63-c634c099098b,P000110,10,3.70
74f4188a-aae6-54f2-8a63-c634c099098b,P000139,11,4.75
74f4188a-aae6-54f2-8a63-c634c099098b,P000125,12,3.50
4d02b748-09b3-540c-aa2d-00b724b065b6,P000097,2,4.10
4d02b748-09b3-540c-aa2d-00b724b065b6,P000095,3,3.95
4d02b748-09b3-540c-aa2d-00b724b065b6,P000090,1,3.70
36980871-02a9-55f0-9901-eb82fed7000f,P000085,3,1.95
36980871-02a9-55f0-9901-eb82fed7000f,P000120,1,2.60
36980871-02a9-55f0-9901-eb82fed7000f,P000125,1,3.50
36980871-02a9-55f0-9901-eb82fed7000f,P000109,5,3.10
36980871-02a9-55f0-9901-eb82fed7000f,P000103,3,3.85
17067238-fc6e-50ac-9e52-c31cc718a8e0,P000083,3,2.80
31620482-20e2-50ea-9dc0-9d9723385285,P000128,4,3.95
31620482-20e2-50ea-9dc0-9d9723385285,P000089,4,2.65
31620482-20e2-50ea-9dc0-9d9723385285,P000117,3,4.35
31620482-20e2-50ea-9dc0-9d9723385285,P000122,2,4.65
032cd9d7-b81c-530e-80f8-7bd60177466b,P000086,15,4.20
032cd9d7-b81c-530e-80f8-7bd60177466b,P000085,11,1.95
032cd9d7-b81c-530e-80f8-7bd60177466b,P000107,12,3.20
032cd9d7-b81c-530e-80f8-7bd60177466b,P000118,7,3.90
032cd9d7-b81c-530e-80f8-7bd60177466b,P000121,10,3.20
032cd9d7-b81c-530e-80f8-7bd60177466b,P000132,11,4.80
86303ccb-fa4b-5d36-8f51-9dff37b349c7,P000096,3,2.20
86303ccb-fa4b-5d36-8f51-9dff37b349c7,P000142,5,2.75
86303ccb-fa4b-5d36-8f51-9dff37b349c7,P000123,4,4.20
86303ccb-fa4b-5d36-8f51-9dff37b349c7,P000119,4,3.75
86303ccb-fa4b-5d36-8f51-9dff37b349c7,P000090,2,3.70
d8d16c34-54f9-5252-bac1-24588ad1a7bb,P000109,6,3.10
d8d16c34-54f9-5252-bac1-24588ad1a7bb,P000136,14,2.95
d8d16c34-54f9-5252-bac1-24588ad1a7bb,P000134,10,4.25
d8d16c34-54f9-5252-bac1-24588ad1a7bb,P000094,15,3.25
d8d16c34-54f9-5252-bac1-24588ad1a7bb,P000096,7,2.20
7befdb3e-b10c-58f3-af17-53082513301f,P000099,5,3.95
7befdb3e-b10c-58f3-af17-53082513301f,P000088,7,4.80
7befdb3e-b10c-58f3-af17-53082513301f,P000091,10,2.75
7befdb3e-b10c-58f3-af17-53082513301f,P000086,15,4.20
7befdb3e-b10c-58f3-af17-53082513301f,P000118,14,3.90
c159bd71-e82c-5bf4-b0be-2bab238006fa,P000092,2,3.60
375fda60-5c34-51a0-8885-08e1df2d3892,P000120,10,2.60
375fda60-5c34-51a0-8885-08e1df2d3892,P000126,6,2.70
375fda60-5c34-51a0-8885-08e1df2d3892,P000097,9,4.10
375fda60-5c34-51a0-8885-08e1df2d3892,P000113,11,4.10
375fda60-5c34-51a0-8885-08e1df2d3892,P000128,5,3.95
c3fdc157-4e95-56cf-872e-561a890f4730,P000117,10,4.35
c3fdc157-4e95-56cf-872e-561a890f4730,P000118,4,3.90
c3fdc157-4e95-56cf-872e-561a890f4730,P000116,8,3.80
c3fdc157-4e95-56cf-872e-561a890f4730,P000098,6,5.50
c3fdc157-4e95-56cf-872e-561a890f4730,P000131,4,3.45
2e3976e7-fe48-5237-a9e6-a41ee04a318f,P000133,2,2.20
2e3976e7-fe48-5237-a9e6-a41ee04a318f,P000101,3,3.40
644e39ef-698e-53e1-a99e-8fffc95b9772,P000083,10,2.80
644e39ef-698e-53e1-a99e-8fffc95b9772,P000108,8,2.50
644e39ef-698e-53e1-a99e-8fffc95b9772,P000127,10,4.40
644e39ef-698e-53e1-a99e-8fffc95b9772,P000135,5,4.55
644e39ef-698e-53e1-a99e-8fffc95b9772,P000119,6,3.75
3b59d2c5-6d7c-59b3-bc00-e3b962dcdfb2,P000107,1,3.20
3b59d2c5-6d7c-59b3-bc00-e3b962dcdfb2,P000103,2,3.85
3b59d2c5-6d7c-59b3-bc00-e3b962dcdfb2,P000133,1,2.20
3b59d2c5-6d7c-59b3-bc00-e3b962dcdfb2,P000125,4,3.50
3b59d2c5-6d7c-59b3-bc00-e3b962dcdfb2,P000123,4,4.20
c0d42c75-144b-58a9-8c56-88ac50619926,P000139,5,4.75
c0d42c75-144b-58a9-8c56-88ac50619926,P000138,9,2.90
c0d42c75-144b-58a9-8c56-88ac50619926,P000096,6,2.20
c0d42c75-144b-58a9-8c56-88ac50619926,P000140,14,12.00
c0d42c75-144b-58a9-8c56-88ac50619926,P000083,8,2.80
ec45cdd8-96b2-5d1c-9b47-851e50d48ceb,P000117,1,4.35
ec45cdd8-96b2-5d1c-9b47-851e50d48ceb,P000115,5,2.90
2a799eb2-2b1c-5b0b-b390-f8def51d8bef,P000123,6,4.20
2a799eb2-2b1c-5b0b-b390-f8def51d8bef,P000086,7,4.20
2a799eb2-2b1c-5b0b-b390-f8def51d8bef,P000133,5,2.20
2a799eb2-2b1c-5b0b-b390-f8def51d8bef,P000139,14,4.75
2a799eb2-2b1c-5b0b-b390-f8def51d8bef,P000126,8,2.70
cbfc5e16-3e2b-57df-9dcd-8823e967e8e7,P000098,5,5.50
cbfc5e16-3e2b-57df-9dcd-8823e967e8e7,P000130,9,3.30
cbfc5e16-3e2b-57df-9dcd-8823e967e8e7,P000120,10,2.60
cbfc5e16-3e2b-57df-9dcd-8823e967e8e7,P000089,4,2.65
cbfc5e16-3e2b-57df-9dcd-8823e967e8e7,P000102,6,1.90
cbfc5e16-3e2b-57df-9dcd-8823e967e8e7,P000132,7,4.80
77d795fa-2d83-5961-9868-6e24e8402eb7,P000092,2,3.60
77d795fa-2d83-5961-9868-6e24e8402eb7,P000137,3,3.80
71ea6827-7357-5d67-a8e7-0eec27fcd903,P000107,13,3.20
71ea6827-7357-5d67-a8e7-0eec27fcd903,P000122,4,4.65
71ea6827-7357-5d67-a8e7-0eec27fcd903,P000096,8,2.20
71ea6827-7357-5d67-a8e7-0eec27fcd903,P000093,8,4.75
71ea6827-7357-5d67-a8e7-0eec27fcd903,P000121,4,3.20
db51c872-ec72-5b2a-86d6-a12e12f6dd36,P000084,3,2.40
db51c872-ec72-5b2a-86d6-a12e12f6dd36,P000132,1,4.80
d9ec8e7f-4f22-56d3-82a4-635df21fbff6,P000107,11,3.20
d9ec8e7f-4f22-56d3-82a4-635df21fbff6,P000126,7,2.70
d9ec8e7f-4f22-56d3-82a4-635df21fbff6,P000097,10,4.10
05cb0f9a-acf2-5d9e-84b5-422796b905bd,P000109,14,3.10
05cb0f9a-acf2-5d9e-84b5-422796b905bd,P000108,3,2.50
05cb0f9a-acf2-5d9e-84b5-422796b905bd,P000138,6,2.90
05cb0f9a-acf2-5d9e-84b5-422796b905bd,P000112,8,4.30
05cb0f9a-acf2-5d9e-84b5-422796b905bd,P000104,13,4.40
b06ea38f-8c1b-5c71-8b6d-d9915b0b4f06,P000103,5,3.85
b06ea38f-8c1b-5c71-8b6d-d9915b0b4f06,P000129,5,4.10
b06ea38f-8c1b-5c71-8b6d-d9915b0b4f06,P000106,4,3.60
b06ea38f-8c1b-5c71-8b6d-d9915b0b4f06,P000095,4,3.95
b06ea38f-8c1b-5c71-8b6d-d9915b0b4f06,P000134,1,4.25
d25eab19-590f-5da7-a9fa-5614375e22a7,P000129,5,4.10
d25eab19-590f-5da7-a9fa-5614375e22a7,P000119,5,3.75
d25eab19-590f-5da7-a9fa-5614375e22a7,P000109,9,3.10
275adb66-7b2a-5f7f-a4b2-320d6970a72e,P000115,3,2.90
bfef34e2-c178-5c53-90ac-8793abbc128c,P000112,12,4.30
bfef34e2-c178-5c53-90ac-8793abbc128c,P000110,9,3.70
bfef34e2-c178-5c53-90ac-8793abbc128c,P000142,14,2.75
bfef34e2-c178-5c53-90ac-8793abbc128c,P000086,3,4.20
bfef34e2-c178-5c53-90ac-8793abbc128c,P000088,4,4.80
bfef34e2-c178-5c53-90ac-8793abbc128c,P000132,6,4.80
a9c7afe5-4030-596c-a0d0-2a7cdc9bc427,P000138,14,2.90
a9c7afe5-4030-596c-a0d0-2a7cdc9bc427,P000113,8,4.10
a9c7afe5-4030-596c-a0d0-2a7cdc9bc427,P000094,13,3.25
a9c7afe5-4030-596c-a0d0-2a7cdc9bc427,P000084,13,2.40
a9c7afe5-4030-596c-a0d0-2a7cdc9bc427,P000125,13,3.50
55de0c48-244a-5a6d-9367-12ef3b30dede,P000091,1,2.75
55de0c48-244a-5a6d-9367-12ef3b30dede,P000119,5,3.75
55de0c48-244a-5a6d-9367-12ef3b30dede,P000084,1,2.40
55de0c48-244a-5a6d-9367-12ef3b30dede,P000103,1,3.85
3d94ce03-2951-508e-9ecf-7742ed3b7c7d,P000104,12,4.40
3d94ce03-2951-508e-9ecf-7742ed3b7c7d,P000118,13,3.90
3d94ce03-2951-508e-9ecf-7742ed3b7c7d,P000091,9,2.75
3d94ce03-2951-508e-9ecf-7742ed3b7c7d,P000108,3,2.50
3d94ce03-2951-508e-9ecf-7742ed3b7c7d,P000133,12,2.20
175f9c8c-5f22-5b28-8db5-9245e151e71f,P000091,2,2.75
175f9c8c-5f22-5b28-8db5-9245e151e71f,P000133,3,2.20
175f9c8c-5f22-5b28-8db5-9245e151e71f,P000125,4,3.50
175f9c8c-5f22-5b28-8db5-9245e151e71f,P000109,2,3.10
175f9c8c-5f22-5b28-8db5-9245e151e71f,P000134,3,4.25
e59a13a0-c291-5732-8f01-3b1fd753ab75,P000119,11,3.75
e59a13a0-c291-5732-8f01-3b1fd753ab75,P000113,6,4.10
e59a13a0-c291-5732-8f01-3b1fd753ab75,P000141,5,4.30
e59a13a0-c291-5732-8f01-3b1fd753ab75,P000124,6,2.85
b7ec6d8a-d119-54af-9dc3-45e94b83a75c,P000126,8,2.70
b7ec6d8a-d119-54af-9dc3-45e94b83a75c,P000128,5,3.95
b7ec6d8a-d119-54af-9dc3-45e94b83a75c,P000117,7,4.35
b7ec6d8a-d119-54af-9dc3-45e94b83a75c,P000116,14,3.80
b7ec6d8a-d119-54af-9dc3-45e94b83a75c,P000120,5,2.60
f8536986-e164-55d7-b0f4-6451bbdc6b3a,P000101,2,3.40
f8536986-e164-55d7-b0f4-6451bbdc6b3a,P000142,1,2.75
dbb90a48-13f9-5170-a6f8-4ece745bc0f7,P000139,5,4.75
dbb90a48-13f9-5170-a6f8-4ece745bc0f7,P000093,2,4.75
98be3f9c-b1f2-5c91-b949-4a83f34c585c,P000107,4,3.20
98be3f9c-b1f2-5c91-b949-4a83f34c585c,P000131,2,3.45
98be3f9c-b1f2-5c91-b949-4a83f34c585c,P000101,3,3.40
94652763-f184-5234-969f-42c6b1ec9ffc,P000122,2,4.65
94652763-f184-5234-969f-42c6b1ec9ffc,P000106,3,3.60
4a56224e-85fd-558e-b666-4e05f795940d,P000106,4,3.60
4a56224e-85fd-558e-b666-4e05f795940d,P000140,7,12.00
4a56224e-85fd-558e-b666-4e05f795940d,P000137,7,3.80
4a56224e-85fd-558e-b666-4e05f795940d,P000132,5,4.80
2523d2db-5004-5c01-b499-f144e6e76433,P000089,2,2.65
2523d2db-5004-5c01-b499-f144e6e76433,P000126,5,2.70
2523d2db-5004-5c01-b499-f144e6e76433,P000116,3,3.80
2523d2db-5004-5c01-b499-f144e6e76433,P000099,4,3.95
2523d2db-5004-5c01-b499-f144e6e76433,P000083,2,2.80
aae59438-a27a-5452-8b17-8b78e8bd1ca9,P000097,13,4.10
aae59438-a27a-5452-8b17-8b78e8bd1ca9,P000132,10,4.80
aae59438-a27a-5452-8b17-8b78e8bd1ca9,P000122,10,4.65
e2bedf66-4210-5c66-98d2-89219c186f78,P000092,2,3.60
e2bedf66-4210-5c66-98d2-89219c186f78,P000103,4,3.85
e2bedf66-4210-5c66-98d2-89219c186f78,P000109,4,3.10
e2bedf66-4210-5c66-98d2-89219c186f78,P000138,2,2.90
2e60c4e7-c02b-5af3-8505-8b095a0ba208,P000138,8,2.90
2e60c4e7-c02b-5af3-8505-8b095a0ba208,P000124,12,2.85
2e60c4e7-c02b-5af3-8505-8b095a0ba208,P000117,8,4.35
2e60c4e7-c02b-5af3-8505-8b095a0ba208,P000112,4,4.30
2e60c4e7-c02b-5af3-8505-8b095a0ba208,P000135,6,4.55
5ff62193-87fc-59b3-90f4-f9844e05a4e5,P000116,1,3.80
5ff62193-87fc-59b3-90f4-f9844e05a4e5,P000132,2,4.80
5ff62193-87fc-59b3-90f4-f9844e05a4e5,P000096,1,2.20
5ff62193-87fc-59b3-90f4-f9844e05a4e5,P000119,3,3.75
5ff62193-87fc-59b3-90f4-f9844e05a4e5,P000095,4,3.95
fd0fa966-15e7-5aa7-8929-fa54b8bc53c3,P000111,13,4.60
fd0fa966-15e7-5aa7-8929-fa54b8bc53c3,P000104,10,4.40
fd0fa966-15e7-5aa7-8929-fa54b8bc53c3,P000113,11,4.10
fd0fa966-15e7-5aa7-8929-fa54b8bc53c3,P000140,9,12.00
4b375c7c-1145-533c-8664-5ee23bf1de55,P000135,2,4.55
4b375c7c-1145-533c-8664-5ee23bf1de55,P000114,1,3.50
4b375c7c-1145-533c-8664-5ee23bf1de55,P000126,1,2.70
282e18a9-7dae-539d-8060-b914651a529e,P000136,8,2.95
282e18a9-7dae-539d-8060-b914651a529e,P000137,10,3.80
282e18a9-7dae-539d-8060-b914651a529e,P000140,15,12.00
282e18a9-7dae-539d-8060-b914651a529e,P000130,13,3.30
282e18a9-7dae-539d-8060-b914651a529e,P000134,9,4.25
56c0249b-2314-5fe8-9045-027dd0b3f797,P000108,13,2.50
56c0249b-2314-5fe8-9045-027dd0b3f797,P000127,6,4.40
56c0249b-2314-5fe8-9045-027dd0b3f797,P000131,5,3.45
56c0249b-2314-5fe8-9045-027dd0b3f797,P000096,11,2.20
9c9508ef-c36b-5ed0-af2c-ca2073a1546d,P000115,12,2.90
9c9508ef-c36b-5ed0-af2c-ca2073a1546d,P000103,3,3.85
9c9508ef-c36b-5ed0-af2c-ca2073a1546d,P000140,13,12.00
ff128d68-bd13-5837-8d3f-a3bc3831a8ae,P000090,3,3.70
ff128d68-bd13-5837-8d3f-a3bc3831a8ae,P000119,2,3.75
1a01af45-b701-5511-9a78-b751071c85f0,P000113,6,4.10
1a01af45-b701-5511-9a78-b751071c85f0,P000104,9,4.40
1a01af45-b701-5511-9a78-b751071c85f0,P000132,11,4.80
23a54ef0-9064-55e5-b6b5-d865e6890ede,P000085,5,1.95
23a54ef0-9064-55e5-b6b5-d865e6890ede,P000137,10,3.80
23a54ef0-9064-55e5-b6b5-d865e6890ede,P000096,7,2.20
23a54ef0-9064-55e5-b6b5-d865e6890ede,P000102,6,1.90
23a54ef0-9064-55e5-b6b5-d865e6890ede,P000117,8,4.35
1f7be60b-46a7-52e7-ba9b-dfbf82bf2a08,P000104,10,4.40
1f7be60b-46a7-52e7-ba9b-dfbf82bf2a08,P000118,11,3.90
1f7be60b-46a7-52e7-ba9b-dfbf82bf2a08,P000126,13,2.70
1f7be60b-46a7-52e7-ba9b-dfbf82bf2a08,P000130,9,3.30
1f7be60b-46a7-52e7-ba9b-dfbf82bf2a08,P000084,11,2.40
d5f3466c-8092-5bba-aa58-054ea50a2fe6,P000123,6,4.20
d5f3466c-8092-5bba-aa58-054ea50a2fe6,P000141,6,4.30
d5f3466c-8092-5bba-aa58-054ea50a2fe6,P000119,12,3.75
d5f3466c-8092-5bba-aa58-054ea50a2fe6,P000129,12,4.10
026e78ba-c577-50c9-a01c-eb42d9650123,P000140,15,12.00
026e78ba-c577-50c9-a01c-eb42d9650123,P000105,6,4.25
026e78ba-c577-50c9-a01c-eb42d9650123,P000094,5,3.25
026e78ba-c577-50c9-a01c-eb42d9650123,P000142,15,2.75
026e78ba-c577-50c9-a01c-eb42d9650123,P000121,3,3.20
026e78ba-c577-50c9-a01c-eb42d9650123,P000116,6,3.80
00193f34-dc6e-50c5-bae2-821ad2dbf8e6,P000097,14,4.10
00193f34-dc6e-50c5-bae2-821ad2dbf8e6,P000123,14,4.20
00193f34-dc6e-50c5-bae2-821ad2dbf8e6,P000122,12,4.65
00193f34-dc6e-50c5-bae2-821ad2dbf8e6,P000126,11,2.70
d6dcb73c-d545-5a3f-b7f7-83b48a71bcfb,P000133,5,2.20
d6dcb73c-d545-5a3f-b7f7-83b48a71bcfb,P000095,8,3.95
d6dcb73c-d545-5a3f-b7f7-83b48a71bcfb,P000126,10,2.70
d6dcb73c-d545-5a3f-b7f7-83b48a71bcfb,P000142,11,2.75
d6dcb73c-d545-5a3f-b7f7-83b48a71bcfb,P000137,7,3.80
b744cdb7-8231-543d-98c4-847d5d872e8f,P000138,1,2.90
b744cdb7-8231-543d-98c4-847d5d872e8f,P000096,2,2.20
b744cdb7-8231-543d-98c4-847d5d872e8f,P000112,3,4.30
3eb7d606-8a01-5f6f-a492-3da80e62b386,P000107,2,3.20
933d0166-32c4-5975-8363-5a68f2706686,P000125,5,3.50
933d0166-32c4-5975-8363-5a68f2706686,P000128,7,3.95
933d0166-32c4-5975-8363-5a68f2706686,P000114,12,3.50
933d0166-32c4-5975-8363-5a68f2706686,P000093,6,4.75
933d0166-32c4-5975-8363-5a68f2706686,P000089,6,2.65
933d0166-32c4-5975-8363-5a68f2706686,P000084,12,2.40
7ef610b8-fbff-55f7-843f-3384ffd5fee8,P000093,10,4.75
7ef610b8-fbff-55f7-843f-3384ffd5fee8,P000095,10,3.95
7ef610b8-fbff-55f7-843f-3384ffd5fee8,P000126,8,2.70
7ef610b8-fbff-55f7-843f-3384ffd5fee8,P000138,4,2.90
7ef610b8-fbff-55f7-843f-3384ffd5fee8,P000130,9,3.30
7ef610b8-fbff-55f7-843f-3384ffd5fee8,P000107,9,3.20
33a2c126-fb56-57a4-b9de-585e19ed4ad2,P000114,8,3.50
33a2c126-fb56-57a4-b9de-585e19ed4ad2,P000118,14,3.90
33a2c126-fb56-57a4-b9de-585e19ed4ad2,P000122,14,4.65
33a2c126-fb56-57a4-b9de-585e19ed4ad2,P000102,7,1.90
4f1ec115-207f-52e1-8be0-ba72693e57f4,P000107,15,3.20
4f1ec115-207f-52e1-8be0-ba72693e57f4,P000084,12,2.40
4f1ec115-207f-52e1-8be0-ba72693e57f4,P000128,15,3.95
4f1ec115-207f-52e1-8be0-ba72693e57f4,P000102,14,1.90
743a624a-6ab9-5a8f-9a34-266d305d7da3,P000119,3,3.75
743a624a-6ab9-5a8f-9a34-266d305d7da3,P000083,1,2.80
743a624a-6ab9-5a8f-9a34-266d305d7da3,P000116,2,3.80
0b305269-b9d0-5980-b9f1-80245c99aab6,P000089,4,2.65
0b305269-b9d0-5980-b9f1-80245c99aab6,P000120,5,2.60
0b305269-b9d0-5980-b9f1-80245c99aab6,P000085,4,1.95
ea85f6b2-0385-5a30-b059-e05ccf07e5b4,P000122,8,4.65
ea85f6b2-0385-5a30-b059-e05ccf07e5b4,P000109,9,3.10
ea85f6b2-0385-5a30-b059-e05ccf07e5b4,P000098,8,5.50
ea85f6b2-0385-5a30-b059-e05ccf07e5b4,P000092,14,3.60
c4153d36-f787-5592-868a-2e482d6be863,P000129,7,4.10
c4153d36-f787-5592-868a-2e482d6be863,P000093,8,4.75
c4153d36-f787-5592-868a-2e482d6be863,P000101,4,3.40
b12c99a4-4df8-50b7-9a60-74c96eb2235e,P000122,9,4.65
b12c99a4-4df8-50b7-9a60-74c96eb2235e,P000130,6,3.30
b12c99a4-4df8-50b7-9a60-74c96eb2235e,P000097,9,4.10
b12c99a4-4df8-50b7-9a60-74c96eb2235e,P000124,12,2.85
b12c99a4-4df8-50b7-9a60-74c96eb2235e,P000086,3,4.20
b12c99a4-4df8-50b7-9a60-74c96eb2235e,P000140,14,12.00
5575f5ae-29c6-5893-b4bd-1d006b1cac1d,P000137,3,3.80
5575f5ae-29c6-5893-b4bd-1d006b1cac1d,P000104,2,4.40
5575f5ae-29c6-5893-b4bd-1d006b1cac1d,P000107,1,3.20
3132e14d-a746-5155-b115-5114293e5bbc,P000086,5,4.20
3132e14d-a746-5155-b115-5114293e5bbc,P000131,1,3.45
3132e14d-a746-5155-b115-5114293e5bbc,P000083,3,2.80
3132e14d-a746-5155-b115-5114293e5bbc,P000110,4,3.70
3132e14d-a746-5155-b115-5114293e5bbc,P000127,5,4.40
1c405f70-6e4e-53c2-a4c5-1d291b1dd1e3,P000132,2,4.80
8ea03f16-edc1-560c-adac-3ae3252c23a7,P000091,5,2.75
8ea03f16-edc1-560c-adac-3ae3252c23a7,P000120,3,2.60
9a2f158f-7fe0-568a-93c1-a1b4ea07bea2,P000102,14,1.90
9a2f158f-7fe0-568a-93c1-a1b4ea07bea2,P000132,13,4.80
9a2f158f-7fe0-568a-93c1-a1b4ea07bea2,P000125,14,3.50
9a2f158f-7fe0-568a-93c1-a1b4ea07bea2,P000115,10,2.90
9a2f158f-7fe0-568a-93c1-a1b4ea07bea2,P000092,11,3.60
3b3f8795-7b09-5120-b891-996ba27c1e1f,P000109,10,3.10
3b3f8795-7b09-5120-b891-996ba27c1e1f,P000129,13,4.10
3b3f8795-7b09-5120-b891-996ba27c1e1f,P000104,11,4.40
bc35abcf-ded0-5641-b31f-943d9f0fdbc5,P000131,3,3.45
bc35abcf-ded0-5641-b31f-943d9f0fdbc5,P000140,1,12.00
bc35abcf-ded0-5641-b31f-943d9f0fdbc5,P000102,3,1.90
dbb0c500-32a0-58ad-bc1f-0e7c8addbb3d,P000134,3,4.25
dbb0c500-32a0-58ad-bc1f-0e7c8addbb3d,P000116,3,3.80
dbb0c500-32a0-58ad-bc1f-0e7c8addbb3d,P000094,5,3.25
dbb0c500-32a0-58ad-bc1f-0e7c8addbb3d,P000098,15,5.50
dbb0c500-32a0-58ad-bc1f-0e7c8addbb3d,P000100,13,3.80
dbb0c500-32a0-58ad-bc1f-0e7c8addbb3d,P000083,9,2.80
28001e85-9736-592a-9e50-d5f2b1beef8a,P000083,2,2.80
28001e85-9736-592a-9e50-d5f2b1beef8a,P000106,2,3.60
c75312ba-a410-5a4e-986e-701518108f19,P000120,2,2.60
c75312ba-a410-5a4e-986e-701518108f19,P000096,3,2.20
5eefa73f-af7d-5023-8571-3191a1bc36f6,P000101,5,3.40
5eefa73f-af7d-5023-8571-3191a1bc36f6,P000099,3,3.95
2c3f8679-87e7-56ec-9c41-0b434a9f4eff,P000122,1,4.65
2c3f8679-87e7-56ec-9c41-0b434a9f4eff,P000140,4,12.00
cae75809-9f2f-5e27-bcd2-c0464f0c52d5,P000119,10,3.75
cae75809-9f2f-5e27-bcd2-c0464f0c52d5,P000122,6,4.65
cae75809-9f2f-5e27-bcd2-c0464f0c52d5,P000116,9,3.80
ddcc796a-c886-5c1a-b816-67f826ea6683,P000128,3,3.95
ddcc796a-c886-5c1a-b816-67f826ea6683,P000092,4,3.60
3d52f96d-8b4c-5ade-946b-7a87a326a39b,P000132,14,4.80
3d52f96d-8b4c-5ade-946b-7a87a326a39b,P000121,7,3.20
3d52f96d-8b4c-5ade-946b-7a87a326a39b,P000087,4,4.50
ac5d120f-f12d-509a-bad1-42165176ef6b,P000124,8,2.85
ac5d120f-f12d-509a-bad1-42165176ef6b,P000115,5,2.90
ac5d120f-f12d-509a-bad1-42165176ef6b,P000091,7,2.75
00a77fd7-f55c-5d3e-9dd6-faf2cd31c477,P000094,6,3.25
00a77fd7-f55c-5d3e-9dd6-faf2cd31c477,P000136,5,2.95
00a77fd7-f55c-5d3e-9dd6-faf2cd31c477,P000117,12,4.35
c8272cb2-b9b8-5403-bbca-ff5906cb89ea,P000138,5,2.90
c8272cb2-b9b8-5403-bbca-ff5906cb89ea,P000086,12,4.20
c8272cb2-b9b8-5403-bbca-ff5906cb89ea,P000111,13,4.60
83dafcaa-4d62-5d2e-838f-b4c711acee01,P000108,10,2.50
83dafcaa-4d62-5d2e-838f-b4c711acee01,P000112,11,4.30
83dafcaa-4d62-5d2e-838f-b4c711acee01,P000100,9,3.80
83dafcaa-4d62-5d2e-838f-b4c711acee01,P000138,10,2.90
35fecd97-46bc-5d1b-8b8b-90876bfa0fa2,P000133,11,2.20
35fecd97-46bc-5d1b-8b8b-90876bfa0fa2,P000134,10,4.25
35fecd97-46bc-5d1b-8b8b-90876bfa0fa2,P000103,5,3.85
806e478b-8dd7-5624-af0b-114b5c01b845,P000089,3,2.65
806e478b-8dd7-5624-af0b-114b5c01b845,P000110,3,3.70
04a7172c-c0ec-5b6f-97f8-ac7c7519ec5a,P000140,12,12.00
04a7172c-c0ec-5b6f-97f8-ac7c7519ec5a,P000108,7,2.50
04a7172c-c0ec-5b6f-97f8-ac7c7519ec5a,P000137,6,3.80
04a7172c-c0ec-5b6f-97f8-ac7c7519ec5a,P000130,7,3.30
04a7172c-c0ec-5b6f-97f8-ac7c7519ec5a,P000112,11,4.30
6ef7e3a5-266a-5278-b01e-a670c3b604cf,P000123,11,4.20
6ef7e3a5-266a-5278-b01e-a670c3b604cf,P000113,4,4.10
6ef7e3a5-266a-5278-b01e-a670c3b604cf,P000085,6,1.95
6ef7e3a5-266a-5278-b01e-a670c3b604cf,P000112,6,4.30
8b9456ed-c0d7-59b2-befe-ae9e3b7d46a7,P000133,3,2.20
8b9456ed-c0d7-59b2-befe-ae9e3b7d46a7,P000114,13,3.50
8b9456ed-c0d7-59b2-befe-ae9e3b7d46a7,P000112,3,4.30
8b9456ed-c0d7-59b2-befe-ae9e3b7d46a7,P000126,15,2.70
8b9456ed-c0d7-59b2-befe-ae9e3b7d46a7,P000117,13,4.35
8b9456ed-c0d7-59b2-befe-ae9e3b7d46a7,P000096,4,2.20
d2f5753d-f7a6-563f-827b-f04a4e228943,P000110,9,3.70
d2f5753d-f7a6-563f-827b-f04a4e228943,P000135,11,4.55
d2f5753d-f7a6-563f-827b-f04a4e228943,P000130,12,3.30
d2f5753d-f7a6-563f-827b-f04a4e228943,P000116,5,3.80
d2f5753d-f7a6-563f-827b-f04a4e228943,P000137,5,3.80
d2f5753d-f7a6-563f-827b-f04a4e228943,P000089,4,2.65
26c85a18-d30f-507d-96b8-493de2c7c62c,P000083,2,2.80
26c85a18-d30f-507d-96b8-493de2c7c62c,P000114,4,3.50
5728e831-4ee6-5262-b2c4-fa36ad15152b,P000112,13,4.30
5728e831-4ee6-5262-b2c4-fa36ad15152b,P000132,15,4.80
5728e831-4ee6-5262-b2c4-fa36ad15152b,P000087,7,4.50
5728e831-4ee6-5262-b2c4-fa36ad15152b,P000136,3,2.95
5728e831-4ee6-5262-b2c4-fa36ad15152b,P000124,15,2.85
bae22413-7d4a-50de-ab83-f53fcef647ac,P000097,11,4.10
bae22413-7d4a-50de-ab83-f53fcef647ac,P000110,10,3.70
bae22413-7d4a-50de-ab83-f53fcef647ac,P000113,10,4.10
d054b134-a63f-59d6-a543-40f4e92447ba,P000126,3,2.70
d054b134-a63f-59d6-a543-40f4e92447ba,P000119,3,3.75
d054b134-a63f-59d6-a543-40f4e92447ba,P000133,3,2.20
29a6094e-86e5-5f05-beb3-f5b395602f28,P000093,5,4.75
29a6094e-86e5-5f05-beb3-f5b395602f28,P000137,5,3.80
29a6094e-86e5-5f05-beb3-f5b395602f28,P000101,11,3.40
29a6094e-86e5-5f05-beb3-f5b395602f28,P000084,13,2.40
798f8926-fff0-5dd9-91ba-28b955c2ed25,P000123,7,4.20
798f8926-fff0-5dd9-91ba-28b955c2ed25,P000136,7,2.95
798f8926-fff0-5dd9-91ba-28b955c2ed25,P000108,6,2.50
798f8926-fff0-5dd9-91ba-28b955c2ed25,P000091,9,2.75
798f8926-fff0-5dd9-91ba-28b955c2ed25,P000100,6,3.80
c797edd9-52fb-5dff-9da9-410b70b9fdab,P000104,8,4.40
c797edd9-52fb-5dff-9da9-410b70b9fdab,P000139,5,4.75
c797edd9-52fb-5dff-9da9-410b70b9fdab,P000092,13,3.60
c797edd9-52fb-5dff-9da9-410b70b9fdab,P000101,5,3.40
c797edd9-52fb-5dff-9da9-410b70b9fdab,P000091,12,2.75
7c91acbc-a4ca-5041-9e43-3ba8e7bf9884,P000120,5,2.60
7c91acbc-a4ca-5041-9e43-3ba8e7bf9884,P000101,5,3.40
7c91acbc-a4ca-5041-9e43-3ba8e7bf9884,P000126,1,2.70
9a356815-3003-5f9d-ae6c-d52a69c56ac7,P000119,3,3.75
9a356815-3003-5f9d-ae6c-d52a69c56ac7,P000131,3,3.45
4b885276-170f-5104-8ad5-9adf9bd8155e,P000130,4,3.30
4b885276-170f-5104-8ad5-9adf9bd8155e,P000090,5,3.70
4b885276-170f-5104-8ad5-9adf9bd8155e,P000138,15,2.90
da1f8a39-f53b-57c5-8ec5-2530f7d25a31,P000086,12,4.20
da1f8a39-f53b-57c5-8ec5-2530f7d25a31,P000098,12,5.50
da1f8a39-f53b-57c5-8ec5-2530f7d25a31,P000083,9,2.80
da1f8a39-f53b-57c5-8ec5-2530f7d25a31,P000129,8,4.10
58a94c6e-1f15-5be3-98c1-fde25c415485,P000116,12,3.80
58a94c6e-1f15-5be3-98c1-fde25c415485,P000132,7,4.80
58a94c6e-1f15-5be3-98c1-fde25c415485,P000084,11,2.40
58a94c6e-1f15-5be3-98c1-fde25c415485,P000096,14,2.20
58a94c6e-1f15-5be3-98c1-fde25c415485,P000097,8,4.10
741cd079-a208-52b0-b84e-a1d0f0e3e5fc,P000085,1,1.95
741cd079-a208-52b0-b84e-a1d0f0e3e5fc,P000109,3,3.10
741cd079-a208-52b0-b84e-a1d0f0e3e5fc,P000104,3,4.40
741cd079-a208-52b0-b84e-a1d0f0e3e5fc,P000110,3,3.70
741cd079-a208-52b0-b84e-a1d0f0e3e5fc,P000098,1,5.50
112f795c-f1e8-5426-bb79-d742a42dfa9e,P000083,4,2.80
112f795c-f1e8-5426-bb79-d742a42dfa9e,P000101,8,3.40
112f795c-f1e8-5426-bb79-d742a42dfa9e,P000109,10,3.10
112f795c-f1e8-5426-bb79-d742a42dfa9e,P000119,6,3.75
a609790c-edfa-5b0e-a37a-005cd158c633,P000097,3,4.10
a609790c-edfa-5b0e-a37a-005cd158c633,P000090,6,3.70
a609790c-edfa-5b0e-a37a-005cd158c633,P000136,3,2.95
a609790c-edfa-5b0e-a37a-005cd158c633,P000084,10,2.40
8da77222-f1fc-545d-8b16-2242d04095bd,P000085,14,1.95
8da77222-f1fc-545d-8b16-2242d04095bd,P000132,11,4.80
8da77222-f1fc-545d-8b16-2242d04095bd,P000084,6,2.40
8da77222-f1fc-545d-8b16-2242d04095bd,P000130,9,3.30
edf83493-7389-5c18-b3d9-b129a40840d7,P000090,4,3.70
edf83493-7389-5c18-b3d9-b129a40840d7,P000092,12,3.60
edf83493-7389-5c18-b3d9-b129a40840d7,P000114,11,3.50
edf83493-7389-5c18-b3d9-b129a40840d7,P000122,12,4.65
edf83493-7389-5c18-b3d9-b129a40840d7,P000115,8,2.90
61e3891e-36ba-5a86-908b-1c5c19cd629d,P000138,1,2.90
3bed48ce-0be0-523a-bff4-b31872f4680a,P000094,3,3.25
3bed48ce-0be0-523a-bff4-b31872f4680a,P000109,9,3.10
3bed48ce-0be0-523a-bff4-b31872f4680a,P000093,10,4.75
3bed48ce-0be0-523a-bff4-b31872f4680a,P000086,14,4.20
35dccef0-a9cf-501a-b173-e7767ff900fb,P000125,5,3.50
35dccef0-a9cf-501a-b173-e7767ff900fb,P000088,5,4.80
35dccef0-a9cf-501a-b173-e7767ff900fb,P000109,5,3.10
35dccef0-a9cf-501a-b173-e7767ff900fb,P000120,5,2.60
35dccef0-a9cf-501a-b173-e7767ff900fb,P000102,5,1.90
394012e6-fe8d-5c7f-a2aa-872623780f8c,P000110,3,3.70
be34cd02-53a7-58ea-8580-e90abf10a97b,P000097,13,4.10
be34cd02-53a7-58ea-8580-e90abf10a97b,P000090,9,3.70
be34cd02-53a7-58ea-8580-e90abf10a97b,P000122,14,4.65
be34cd02-53a7-58ea-8580-e90abf10a97b,P000115,5,2.90
be34cd02-53a7-58ea-8580-e90abf10a97b,P000109,15,3.10
23663b04-f577-581f-9031-8b6ddd90fc3d,P000103,10,3.85
23663b04-f577-581f-9031-8b6ddd90fc3d,P000132,9,4.80
23663b04-f577-581f-9031-8b6ddd90fc3d,P000088,6,4.80
23663b04-f577-581f-9031-8b6ddd90fc3d,P000105,6,4.25
9ea8b8d7-1b4c-52dd-b7ea-cacfd14924db,P000127,4,4.40
9ea8b8d7-1b4c-52dd-b7ea-cacfd14924db,P000126,3,2.70
9ea8b8d7-1b4c-52dd-b7ea-cacfd14924db,P000094,1,3.25
9ea8b8d7-1b4c-52dd-b7ea-cacfd14924db,P000119,5,3.75
403ce97c-b745-51a0-8b77-62e4601ebc3f,P000131,3,3.45
fe92aca3-f9f7-5f4b-b2a8-76dbe10bfec1,P000097,2,4.10
fe92aca3-f9f7-5f4b-b2a8-76dbe10bfec1,P000116,3,3.80
fe92aca3-f9f7-5f4b-b2a8-76dbe10bfec1,P000101,1,3.40
fe92aca3-f9f7-5f4b-b2a8-76dbe10bfec1,P000137,4,3.80
8c47e287-3c25-5193-a71a-656c969ff923,P000138,10,2.90
8c47e287-3c25-5193-a71a-656c969ff923,P000140,15,12.00
8c47e287-3c25-5193-a71a-656c969ff923,P000116,6,3.80
b6fe2d1f-10f1-511d-a156-19011ddebee7,P000096,2,2.20
b6fe2d1f-10f1-511d-a156-19011ddebee7,P000117,5,4.35
b6fe2d1f-10f1-511d-a156-19011ddebee7,P000099,1,3.95
b6fe2d1f-10f1-511d-a156-19011ddebee7,P000102,1,1.90
6a829722-d8f9-5435-a09e-789f493f3b2f,P000115,7,2.90
6a829722-d8f9-5435-a09e-789f493f3b2f,P000099,14,3.95
6a829722-d8f9-5435-a09e-789f493f3b2f,P000118,15,3.90
6a829722-d8f9-5435-a09e-789f493f3b2f,P000134,6,4.25
6a829722-d8f9-5435-a09e-789f493f3b2f,P000091,9,2.75
bb912dbb-1ff9-51b3-907e-d4635260e62e,P000115,3,2.90
bb912dbb-1ff9-51b3-907e-d4635260e62e,P000130,1,3.30
d32e3bab-fd3f-59e2-b904-2f6f481c0345,P000088,6,4.80
d32e3bab-fd3f-59e2-b904-2f6f481c0345,P000112,5,4.30
d32e3bab-fd3f-59e2-b904-2f6f481c0345,P000126,5,2.70
d32e3bab-fd3f-59e2-b904-2f6f481c0345,P000084,9,2.40
2d7e29a3-e242-5275-9007-590db82dd3d8,P000106,8,3.60
2d7e29a3-e242-5275-9007-590db82dd3d8,P000086,9,4.20
2d7e29a3-e242-5275-9007-590db82dd3d8,P000101,6,3.40
2d7e29a3-e242-5275-9007-590db82dd3d8,P000133,12,2.20
2d7e29a3-e242-5275-9007-590db82dd3d8,P000127,6,4.40
2d7e29a3-e242-5275-9007-590db82dd3d8,P000138,12,2.90
3fd53c29-ebb9-5040-93b3-3eb8cbb685f2,P000134,2,4.25
3fd53c29-ebb9-5040-93b3-3eb8cbb685f2,P000089,3,2.65
cff671f8-e2b9-5d1a-a190-9e001b8b1b89,P000131,1,3.45
cff671f8-e2b9-5d1a-a190-9e001b8b1b89,P000115,2,2.90
47a1c1e2-0e3d-5cd9-ba38-c26b2f1ed1a7,P000114,5,3.50
47a1c1e2-0e3d-5cd9-ba38-c26b2f1ed1a7,P000127,6,4.40
47a1c1e2-0e3d-5cd9-ba38-c26b2f1ed1a7,P000109,11,3.10
47a1c1e2-0e3d-5cd9-ba38-c26b2f1ed1a7,P000132,9,4.80
53034fff-9db5-5e67-ad8c-79add1ccc635,P000130,12,3.30
53034fff-9db5-5e67-ad8c-79add1ccc635,P000132,3,4.80
53034fff-9db5-5e67-ad8c-79add1ccc635,P000118,9,3.90
53034fff-9db5-5e67-ad8c-79add1ccc635,P000112,4,4.30
53034fff-9db5-5e67-ad8c-79add1ccc635,P000122,12,4.65
aa98d3c9-8531-527e-8b7b-140c0ff9ff20,P000139,7,4.75
aa98d3c9-8531-527e-8b7b-140c0ff9ff20,P000117,9,4.35
aa98d3c9-8531-527e-8b7b-140c0ff9ff20,P000092,6,3.60
aa98d3c9-8531-527e-8b7b-140c0ff9ff20,P000125,9,3.50
801951e1-ada2-56ab-8504-3be16655c07f,P000139,1,4.75
801951e1-ada2-56ab-8504-3be16655c07f,P000110,4,3.70
801951e1-ada2-56ab-8504-3be16655c07f,P000098,5,5.50
801951e1-ada2-56ab-8504-3be16655c07f,P000100,5,3.80
be86b62f-f187-58ca-88ef-928004c0cc88,P000093,5,4.75
be86b62f-f187-58ca-88ef-928004c0cc88,P000138,3,2.90
90eebd7a-7fb7-5018-99a9-ddb0990dffb2,P000097,5,4.10
90eebd7a-7fb7-5018-99a9-ddb0990dffb2,P000088,2,4.80
202c56c4-08da-5bd2-8826-850dac6db565,P000126,5,2.70
202c56c4-08da-5bd2-8826-850dac6db565,P000119,10,3.75
202c56c4-08da-5bd2-8826-850dac6db565,P000120,5,2.60
202c56c4-08da-5bd2-8826-850dac6db565,P000095,11,3.95
202c56c4-08da-5bd2-8826-850dac6db565,P000139,8,4.75
0be94dbe-e281-5c58-8b31-9cb1a6b91a8b,P000088,10,4.80
0be94dbe-e281-5c58-8b31-9cb1a6b91a8b,P000105,11,4.25
0be94dbe-e281-5c58-8b31-9cb1a6b91a8b,P000101,5,3.40
0be94dbe-e281-5c58-8b31-9cb1a6b91a8b,P000084,9,2.40
0be94dbe-e281-5c58-8b31-9cb1a6b91a8b,P000106,12,3.60
0be94dbe-e281-5c58-8b31-9cb1a6b91a8b,P000135,8,4.55
24c0ce05-b696-5290-90bc-cddc0b3a138a,P000110,14,3.70
24c0ce05-b696-5290-90bc-cddc0b3a138a,P000106,7,3.60
24c0ce05-b696-5290-90bc-cddc0b3a138a,P000094,8,3.25
24c0ce05-b696-5290-90bc-cddc0b3a138a,P000126,15,2.70
24c0ce05-b696-5290-90bc-cddc0b3a138a,P000128,9,3.95
55df3095-d8e2-5264-aa51-01af5c406512,P000105,7,4.25
55df3095-d8e2-5264-aa51-01af5c406512,P000087,8,4.50
55df3095-d8e2-5264-aa51-01af5c406512,P000093,6,4.75
55df3095-d8e2-5264-aa51-01af5c406512,P000121,9,3.20
b9f10b22-da06-524e-9dfb-b08372999ee3,P000102,3,1.90
4b84e612-cccf-5df7-9891-305cb7e2fac5,P000135,12,4.55
4b84e612-cccf-5df7-9891-305cb7e2fac5,P000091,8,2.75
4b84e612-cccf-5df7-9891-305cb7e2fac5,P000090,6,3.70
4b84e612-cccf-5df7-9891-305cb7e2fac5,P000142,6,2.75
4b84e612-cccf-5df7-9891-305cb7e2fac5,P000127,9,4.40
07375b3d-71c9-5289-ad4b-46806027a0e5,P000089,7,2.65
07375b3d-71c9-5289-ad4b-46806027a0e5,P000124,9,2.85
07375b3d-71c9-5289-ad4b-46806027a0e5,P000106,11,3.60
a47a02f4-2b75-5327-a160-144f9dbce6b9,P000085,14,1.95
a47a02f4-2b75-5327-a160-144f9dbce6b9,P000088,6,4.80
a47a02f4-2b75-5327-a160-144f9dbce6b9,P000133,13,2.20
c6fbf71b-df8d-5943-863a-4a1923ec1cbd,P000137,5,3.80
c6fbf71b-df8d-5943-863a-4a1923ec1cbd,P000095,9,3.95
c6fbf71b-df8d-5943-863a-4a1923ec1cbd,P000120,6,2.60
e3772c4c-e7cd-5d50-9b62-79bf242886ec,P000104,10,4.40
e3772c4c-e7cd-5d50-9b62-79bf242886ec,P000101,4,3.40
e3772c4c-e7cd-5d50-9b62-79bf242886ec,P000119,10,3.75
a0fa6ab7-00bb-53df-acb2-7e688007e325,P000088,3,4.80
a0fa6ab7-00bb-53df-acb2-7e688007e325,P000100,3,3.80
fd1a61f7-a023-561d-80f7-ac0c3616e1c7,P000101,1,3.40
fd1a61f7-a023-561d-80f7-ac0c3616e1c7,P000122,2,4.65
fd1a61f7-a023-561d-80f7-ac0c3616e1c7,P000097,5,4.10
27f3ca36-fdd1-5c7d-aa51-36f4d5ff0d71,P000100,2,3.80
27f3ca36-fdd1-5c7d-aa51-36f4d5ff0d71,P000096,4,2.20
27f3ca36-fdd1-5c7d-aa51-36f4d5ff0d71,P000120,5,2.60
27f3ca36-fdd1-5c7d-aa51-36f4d5ff0d71,P000086,4,4.20
27f3ca36-fdd1-5c7d-aa51-36f4d5ff0d71,P000097,5,4.10
7dc5efb4-f4db-5c6d-81f8-81938d6344b2,P000121,3,3.20
7dc5efb4-f4db-5c6d-81f8-81938d6344b2,P000086,4,4.20
7dc5efb4-f4db-5c6d-81f8-81938d6344b2,P000131,15,3.45
4fdc7949-968d-578e-a7e1-64e6e0475203,P000127,2,4.40
4fdc7949-968d-578e-a7e1-64e6e0475203,P000088,3,4.80
4fdc7949-968d-578e-a7e1-64e6e0475203,P000114,4,3.50
fe660a59-133f-5751-8054-6938b21f93a2,P000100,5,3.80
fe660a59-133f-5751-8054-6938b21f93a2,P000096,6,2.20
fe660a59-133f-5751-8054-6938b21f93a2,P000112,11,4.30
22dc0d82-552a-530f-9a85-b456db80f014,P000119,2,3.75
22dc0d82-552a-530f-9a85-b456db80f014,P000098,2,5.50
e1cebec6-e174-590e-aa80-342f0b15f155,P000097,10,4.10
e1cebec6-e174-590e-aa80-342f0b15f155,P000096,8,2.20
e1cebec6-e174-590e-aa80-342f0b15f155,P000088,8,4.80
6285fb4d-419f-5bbe-a01b-01dd8d5a3552,P000134,6,4.25
6285fb4d-419f-5bbe-a01b-01dd8d5a3552,P000141,13,4.30
6285fb4d-419f-5bbe-a01b-01dd8d5a3552,P000140,8,12.00
258c8acf-1270-5e81-8f5d-06fb01afbf95,P000119,5,3.75
258c8acf-1270-5e81-8f5d-06fb01afbf95,P000091,3,2.75
52ec0d6f-913d-52d5-a76a-c4d1f764023a,P000110,12,3.70
52ec0d6f-913d-52d5-a76a-c4d1f764023a,P000135,3,4.55
52ec0d6f-913d-52d5-a76a-c4d1f764023a,P000084,13,2.40
1c6d9d16-3976-54e3-be4f-f29c61d9a610,P000092,13,3.60
1c6d9d16-3976-54e3-be4f-f29c61d9a610,P000091,12,2.75
1c6d9d16-3976-54e3-be4f-f29c61d9a610,P000127,9,4.40
88761396-0b3c-5f14-bb64-e29335bf17c8,P000118,11,3.90
88761396-0b3c-5f14-bb64-e29335bf17c8,P000142,3,2.75
88761396-0b3c-5f14-bb64-e29335bf17c8,P000122,14,4.65
88761396-0b3c-5f14-bb64-e29335bf17c8,P000136,6,2.95
88761396-0b3c-5f14-bb64-e29335bf17c8,P000096,10,2.20
88761396-0b3c-5f14-bb64-e29335bf17c8,P000112,10,4.30
7a761468-612f-521b-ac91-e6c2e6017aad,P000139,7,4.75
7a761468-612f-521b-ac91-e6c2e6017aad,P000098,6,5.50
7a761468-612f-521b-ac91-e6c2e6017aad,P000116,10,3.80
ba7361fc-c5d4-5bce-a9f4-5993ca6e0265,P000125,5,3.50
ba7361fc-c5d4-5bce-a9f4-5993ca6e0265,P000130,11,3.30
ba7361fc-c5d4-5bce-a9f4-5993ca6e0265,P000096,6,2.20
d15c153f-4862-5af9-9fc5-18f4c4d4544c,P000107,6,3.20
d15c153f-4862-5af9-9fc5-18f4c4d4544c,P000131,11,3.45
d15c153f-4862-5af9-9fc5-18f4c4d4544c,P000089,6,2.65
d15c153f-4862-5af9-9fc5-18f4c4d4544c,P000114,4,3.50
be4b04f7-538e-5119-998e-fc010e8ea172,P000102,9,1.90
be4b04f7-538e-5119-998e-fc010e8ea172,P000089,10,2.65
be4b04f7-538e-5119-998e-fc010e8ea172,P000121,5,3.20
be4b04f7-538e-5119-998e-fc010e8ea172,P000120,4,2.60
be4b04f7-538e-5119-998e-fc010e8ea172,P000129,10,4.10
e63ac329-9a1c-5912-aae2-d42897029b35,P000135,12,4.55
e63ac329-9a1c-5912-aae2-d42897029b35,P000137,10,3.80
e63ac329-9a1c-5912-aae2-d42897029b35,P000114,7,3.50
e63ac329-9a1c-5912-aae2-d42897029b35,P000130,12,3.30
bdb84fc6-0331-59cb-9525-718e98756156,P000097,2,4.10
bdb84fc6-0331-59cb-9525-718e98756156,P000139,5,4.75
bdb84fc6-0331-59cb-9525-718e98756156,P000131,3,3.45
bdb84fc6-0331-59cb-9525-718e98756156,P000120,4,2.60
18c4051a-b495-5a3d-accf-7718f6c724b1,P000109,3,3.10
18c4051a-b495-5a3d-accf-7718f6c724b1,P000099,3,3.95
7196dcf8-32a5-5fcb-941c-956c530a4735,P000124,2,2.85
7196dcf8-32a5-5fcb-941c-956c530a4735,P000127,3,4.40
ca98895b-597e-5316-9243-e68cfc9e265e,P000102,11,1.90
ca98895b-597e-5316-9243-e68cfc9e265e,P000083,7,2.80
ca98895b-597e-5316-9243-e68cfc9e265e,P000125,9,3.50
ca98895b-597e-5316-9243-e68cfc9e265e,P000141,7,4.30
ca98895b-597e-5316-9243-e68cfc9e265e,P000113,5,4.10
47c72e7f-dfd2-5f3a-aa44-b93874e0ba25,P000111,6,4.60
47c72e7f-dfd2-5f3a-aa44-b93874e0ba25,P000107,8,3.20
47c72e7f-dfd2-5f3a-aa44-b93874e0ba25,P000087,6,4.50
f09fd4fc-10c2-53e1-b178-b16caec83b56,P000116,11,3.80
f09fd4fc-10c2-53e1-b178-b16caec83b56,P000098,15,5.50
f09fd4fc-10c2-53e1-b178-b16caec83b56,P000097,4,4.10
f09fd4fc-10c2-53e1-b178-b16caec83b56,P000115,14,2.90
f09fd4fc-10c2-53e1-b178-b16caec83b56,P000131,8,3.45
0e1ebd44-e500-5b64-bf09-d559fa0c04e6,P000136,7,2.95
0e1ebd44-e500-5b64-bf09-d559fa0c04e6,P000109,4,3.10
0e1ebd44-e500-5b64-bf09-d559fa0c04e6,P000091,6,2.75
b64cde2e-58bd-50c9-a2d6-a4e5513005ec,P000115,3,2.90
b64cde2e-58bd-50c9-a2d6-a4e5513005ec,P000108,4,2.50
b64cde2e-58bd-50c9-a2d6-a4e5513005ec,P000090,4,3.70
0cb65722-39e7-5e5f-a6bd-fd87f261c2f4,P000129,11,4.10
0cb65722-39e7-5e5f-a6bd-fd87f261c2f4,P000095,12,3.95
0cb65722-39e7-5e5f-a6bd-fd87f261c2f4,P000142,4,2.75
1b31fd5c-79ac-560b-8dea-1f9bdd3c1e12,P000116,13,3.80
1b31fd5c-79ac-560b-8dea-1f9bdd3c1e12,P000084,7,2.40
1b31fd5c-79ac-560b-8dea-1f9bdd3c1e12,P000141,10,4.30
10fe7a1c-631e-5831-9baa-375f42166a01,P000122,3,4.65
10fe7a1c-631e-5831-9baa-375f42166a01,P000096,3,2.20
60d82ce8-eb51-5fb0-9c1f-cd70b1870b0b,P000108,6,2.50
60d82ce8-eb51-5fb0-9c1f-cd70b1870b0b,P000096,9,2.20
60d82ce8-eb51-5fb0-9c1f-cd70b1870b0b,P000139,13,4.75
60d82ce8-eb51-5fb0-9c1f-cd70b1870b0b,P000134,7,4.25
e4a5041e-aea3-57f1-900e-9a9facba69bb,P000142,5,2.75
e4a5041e-aea3-57f1-900e-9a9facba69bb,P000097,5,4.10
e4a5041e-aea3-57f1-900e-9a9facba69bb,P000135,12,4.55
e4a5041e-aea3-57f1-900e-9a9facba69bb,P000128,12,3.95
2b295d35-7d21-594d-b024-80774d2b3502,P000083,8,2.80
2b295d35-7d21-594d-b024-80774d2b3502,P000091,11,2.75
2b295d35-7d21-594d-b024-80774d2b3502,P000133,8,2.20
34f348b1-f960-5177-b712-cc1f0524b2c9,P000121,13,3.20
34f348b1-f960-5177-b712-cc1f0524b2c9,P000111,5,4.60
34f348b1-f960-5177-b712-cc1f0524b2c9,P000125,7,3.50
34f348b1-f960-5177-b712-cc1f0524b2c9,P000090,12,3.70
3325e102-60eb-5d23-96c7-3a7ffabdf6c1,P000106,14,3.60
3325e102-60eb-5d23-96c7-3a7ffabdf6c1,P000114,13,3.50
3325e102-60eb-5d23-96c7-3a7ffabdf6c1,P000117,7,4.35
3325e102-60eb-5d23-96c7-3a7ffabdf6c1,P000098,8,5.50
3325e102-60eb-5d23-96c7-3a7ffabdf6c1,P000122,5,4.65
480449f5-70b0-526b-8325-82642f3aca05,P000131,7,3.45
480449f5-70b0-526b-8325-82642f3aca05,P000113,3,4.10
480449f5-70b0-526b-8325-82642f3aca05,P000130,13,3.30
97c385ad-8e48-5535-b38e-f4dc5f21cb68,P000108,2,2.50
97c385ad-8e48-5535-b38e-f4dc5f21cb68,P000133,5,2.20
97c385ad-8e48-5535-b38e-f4dc5f21cb68,P000121,2,3.20
97c385ad-8e48-5535-b38e-f4dc5f21cb68,P000131,2,3.45
97c385ad-8e48-5535-b38e-f4dc5f21cb68,P000115,2,2.90
5f7881e1-509d-5cc3-9bbd-f18b0d3b3a37,P000134,5,4.25
5f7881e1-509d-5cc3-9bbd-f18b0d3b3a37,P000132,4,4.80
5f7881e1-509d-5cc3-9bbd-f18b0d3b3a37,P000122,5,4.65
2f8f46df-e565-55ed-8f03-f16be3d61e81,P000095,3,3.95
2f8f46df-e565-55ed-8f03-f16be3d61e81,P000132,1,4.80
2f8f46df-e565-55ed-8f03-f16be3d61e81,P000113,1,4.10
8f4beaad-c1f0-5e8b-8c4f-71f292a894f2,P000094,1,3.25
4461f74d-28b1-50d7-8953-7508780169cf,P000114,4,3.50
4461f74d-28b1-50d7-8953-7508780169cf,P000140,5,12.00
9295596a-bcf6-509b-8d7c-3989f530ecd5,P000083,7,2.80
9295596a-bcf6-509b-8d7c-3989f530ecd5,P000116,14,3.80
9295596a-bcf6-509b-8d7c-3989f530ecd5,P000122,3,4.65
5cd28a27-049a-5e5e-b8a3-2463df15667c,P000125,1,3.50
5cd28a27-049a-5e5e-b8a3-2463df15667c,P000098,3,5.50
797265b7-2b89-5442-bd8e-37a28e0edefb,P000091,1,2.75
b8fbbf6d-3554-5319-9e3c-d9debccbb038,P000115,8,2.90
b8fbbf6d-3554-5319-9e3c-d9debccbb038,P000137,9,3.80
b8fbbf6d-3554-5319-9e3c-d9debccbb038,P000141,8,4.30
3c5e14b3-e5ab-5cd5-9769-276abf6d649e,P000117,9,4.35
3c5e14b3-e5ab-5cd5-9769-276abf6d649e,P000105,10,4.25
3c5e14b3-e5ab-5cd5-9769-276abf6d649e,P000103,12,3.85
aa31b39e-5834-5332-a112-d0870f200d38,P000140,3,12.00
aa31b39e-5834-5332-a112-d0870f200d38,P000096,5,2.20
aa31b39e-5834-5332-a112-d0870f200d38,P000116,3,3.80
1c0c72c0-fc1a-5af7-93bd-4634ddd7981e,P000098,1,5.50
1c0c72c0-fc1a-5af7-93bd-4634ddd7981e,P000103,2,3.85
1c0c72c0-fc1a-5af7-93bd-4634ddd7981e,P000087,3,4.50
aa1c86b7-9202-5c6d-8a44-b837daf52916,P000133,5,2.20
aa1c86b7-9202-5c6d-8a44-b837daf52916,P000123,1,4.20
aa1c86b7-9202-5c6d-8a44-b837daf52916,P000120,1,2.60
aa1c86b7-9202-5c6d-8a44-b837daf52916,P000140,1,12.00
5fbeabf5-2b59-5df2-b89f-4a12a2aa9f79,P000107,8,3.20
5fbeabf5-2b59-5df2-b89f-4a12a2aa9f79,P000100,12,3.80
5fbeabf5-2b59-5df2-b89f-4a12a2aa9f79,P000098,14,5.50
4451956f-d3af-596e-93bc-4ed7a3b0ab66,P000113,3,4.10
4451956f-d3af-596e-93bc-4ed7a3b0ab66,P000103,10,3.85
4451956f-d3af-596e-93bc-4ed7a3b0ab66,P000102,10,1.90
4451956f-d3af-596e-93bc-4ed7a3b0ab66,P000109,9,3.10
71a73d7f-ed71-5d24-8126-c8420d319061,P000112,1,4.30
71a73d7f-ed71-5d24-8126-c8420d319061,P000103,2,3.85
71a73d7f-ed71-5d24-8126-c8420d319061,P000142,1,2.75
71a73d7f-ed71-5d24-8126-c8420d319061,P000104,3,4.40
9238ddb6-1928-54b5-9582-63ac916381bc,P000102,10,1.90
9238ddb6-1928-54b5-9582-63ac916381bc,P000098,11,5.50
9238ddb6-1928-54b5-9582-63ac916381bc,P000104,13,4.40
99833a9f-f040-5d36-a4eb-c35b6843829d,P000103,2,3.85
99833a9f-f040-5d36-a4eb-c35b6843829d,P000127,1,4.40
99833a9f-f040-5d36-a4eb-c35b6843829d,P000101,2,3.40
99833a9f-f040-5d36-a4eb-c35b6843829d,P000096,5,2.20
99833a9f-f040-5d36-a4eb-c35b6843829d,P000121,5,3.20
c4420bdc-0c5d-54c4-a2bf-73cb83be7e62,P000095,12,3.95
c4420bdc-0c5d-54c4-a2bf-73cb83be7e62,P000133,8,2.20
c4420bdc-0c5d-54c4-a2bf-73cb83be7e62,P000119,12,3.75
c4420bdc-0c5d-54c4-a2bf-73cb83be7e62,P000139,5,4.75
c4420bdc-0c5d-54c4-a2bf-73cb83be7e62,P000137,13,3.80
e7d2095a-ac63-5ce3-8a51-56b7790f82a1,P000117,1,4.35
e7d2095a-ac63-5ce3-8a51-56b7790f82a1,P000131,2,3.45
dd3c5015-dc8f-5420-847d-62a174313d14,P000135,7,4.55
dd3c5015-dc8f-5420-847d-62a174313d14,P000132,14,4.80
dd3c5015-dc8f-5420-847d-62a174313d14,P000142,10,2.75
c5e6946e-340f-5afd-a6fd-ebe8d54ff319,P000118,7,3.90
c5e6946e-340f-5afd-a6fd-ebe8d54ff319,P000094,4,3.25
c5e6946e-340f-5afd-a6fd-ebe8d54ff319,P000086,5,4.20
c5e6946e-340f-5afd-a6fd-ebe8d54ff319,P000134,10,4.25
e30b4638-1328-5e56-b321-d023fc5938c6,P000134,7,4.25
e30b4638-1328-5e56-b321-d023fc5938c6,P000105,7,4.25
e30b4638-1328-5e56-b321-d023fc5938c6,P000135,12,4.55
e30b4638-1328-5e56-b321-d023fc5938c6,P000133,15,2.20
e30b4638-1328-5e56-b321-d023fc5938c6,P000125,14,3.50
e30b4638-1328-5e56-b321-d023fc5938c6,P000100,8,3.80
b8e8367a-de35-599c-b261-02c9317fec9f,P000110,2,3.70
b8e8367a-de35-599c-b261-02c9317fec9f,P000094,4,3.25
b8e8367a-de35-599c-b261-02c9317fec9f,P000105,2,4.25
b8e8367a-de35-599c-b261-02c9317fec9f,P000140,5,12.00
b8e8367a-de35-599c-b261-02c9317fec9f,P000103,4,3.85
2b420ae9-bba3-5fc0-9267-c4fe449ecf6a,P000100,12,3.80
2b420ae9-bba3-5fc0-9267-c4fe449ecf6a,P000142,6,2.75
2b420ae9-bba3-5fc0-9267-c4fe449ecf6a,P000120,3,2.60
2b420ae9-bba3-5fc0-9267-c4fe449ecf6a,P000112,15,4.30
2b420ae9-bba3-5fc0-9267-c4fe449ecf6a,P000135,5,4.55
0aeac239-6b92-5847-8b67-fc9efead9698,P000136,14,2.95
0aeac239-6b92-5847-8b67-fc9efead9698,P000084,11,2.40
0aeac239-6b92-5847-8b67-fc9efead9698,P000134,7,4.25
e49ca7eb-7323-53ed-b9e8-ebd3758a10c5,P000135,3,4.55
844de60c-7336-5596-8f5e-6bd44618d6d0,P000100,2,3.80
844de60c-7336-5596-8f5e-6bd44618d6d0,P000141,3,4.30
844de60c-7336-5596-8f5e-6bd44618d6d0,P000132,3,4.80
a506d000-a8ce-56ab-b117-849e09b7b027,P000125,3,3.50
a506d000-a8ce-56ab-b117-849e09b7b027,P000132,3,4.80
a506d000-a8ce-56ab-b117-849e09b7b027,P000091,1,2.75
41e23043-cfcd-5611-947a-7d0be42f0206,P000142,4,2.75
41e23043-cfcd-5611-947a-7d0be42f0206,P000093,9,4.75
41e23043-cfcd-5611-947a-7d0be42f0206,P000100,4,3.80
6b9a531f-8162-5c51-8e68-85198c051532,P000096,8,2.20
6b9a531f-8162-5c51-8e68-85198c051532,P000119,5,3.75
6b9a531f-8162-5c51-8e68-85198c051532,P000138,7,2.90
6b9a531f-8162-5c51-8e68-85198c051532,P000085,11,1.95
75ed52c7-98d3-5963-8578-75935c96c907,P000142,9,2.75
75ed52c7-98d3-5963-8578-75935c96c907,P000107,5,3.20
75ed52c7-98d3-5963-8578-75935c96c907,P000112,10,4.30
75ed52c7-98d3-5963-8578-75935c96c907,P000115,6,2.90
0239fec3-3e97-561e-a1d3-11a502ee36d7,P000084,3,2.40
0239fec3-3e97-561e-a1d3-11a502ee36d7,P000101,3,3.40
524bf102-09db-574d-8c2d-6d19f5fdc385,P000092,7,3.60
524bf102-09db-574d-8c2d-6d19f5fdc385,P000102,13,1.90
524bf102-09db-574d-8c2d-6d19f5fdc385,P000098,10,5.50
e971cf34-f487-56c2-89f3-c55e147f2526,P000134,14,4.25
e971cf34-f487-56c2-89f3-c55e147f2526,P000112,14,4.30
e971cf34-f487-56c2-89f3-c55e147f2526,P000109,13,3.10
f9a1151e-7418-5efd-987c-75ac0e3de277,P000114,11,3.50
f9a1151e-7418-5efd-987c-75ac0e3de277,P000131,6,3.45
f9a1151e-7418-5efd-987c-75ac0e3de277,P000111,10,4.60
f9a1151e-7418-5efd-987c-75ac0e3de277,P000084,14,2.40
b56ab743-4816-5595-8fa3-13f3e900c372,P000092,2,3.60
b56ab743-4816-5595-8fa3-13f3e900c372,P000109,1,3.10
5d3ca08a-2f5d-53e9-8b4f-8f635881f657,P000108,12,2.50
5d3ca08a-2f5d-53e9-8b4f-8f635881f657,P000141,5,4.30
5d3ca08a-2f5d-53e9-8b4f-8f635881f657,P000130,12,3.30
5d3ca08a-2f5d-53e9-8b4f-8f635881f657,P000107,6,3.20
5d3ca08a-2f5d-53e9-8b4f-8f635881f657,P000142,10,2.75
ac3f8242-4fb1-5f1a-8c4e-237de0ef66a2,P000123,11,4.20
ac3f8242-4fb1-5f1a-8c4e-237de0ef66a2,P000083,5,2.80
ac3f8242-4fb1-5f1a-8c4e-237de0ef66a2,P000105,6,4.25
ac3f8242-4fb1-5f1a-8c4e-237de0ef66a2,P000129,8,4.10
ac3f8242-4fb1-5f1a-8c4e-237de0ef66a2,P000119,9,3.75
ac3f8242-4fb1-5f1a-8c4e-237de0ef66a2,P000134,10,4.25
4cdcbf70-fe75-5d4e-9bdb-16d352954bdf,P000137,8,3.80
4cdcbf70-fe75-5d4e-9bdb-16d352954bdf,P000113,8,4.10
4cdcbf70-fe75-5d4e-9bdb-16d352954bdf,P000119,10,3.75
4cdcbf70-fe75-5d4e-9bdb-16d352954bdf,P000097,11,4.10
ec6507f1-3c69-56e6-a84d-735055308685,P000100,10,3.80
ec6507f1-3c69-56e6-a84d-735055308685,P000120,7,2.60
ec6507f1-3c69-56e6-a84d-735055308685,P000131,8,3.45
76398074-4313-5a35-aff3-22ed29d22d54,P000095,7,3.95
76398074-4313-5a35-aff3-22ed29d22d54,P000102,4,1.90
76398074-4313-5a35-aff3-22ed29d22d54,P000084,9,2.40
89b24369-aa6c-5887-8a63-5599854c667e,P000093,5,4.75
89b24369-aa6c-5887-8a63-5599854c667e,P000098,10,5.50
89b24369-aa6c-5887-8a63-5599854c667e,P000140,14,12.00
89b24369-aa6c-5887-8a63-5599854c667e,P000115,5,2.90
89b24369-aa6c-5887-8a63-5599854c667e,P000092,10,3.60
00a2a03a-be5c-58dd-9180-967371cc018a,P000110,15,3.70
00a2a03a-be5c-58dd-9180-967371cc018a,P000103,12,3.85
00a2a03a-be5c-58dd-9180-967371cc018a,P000121,4,3.20
00a2a03a-be5c-58dd-9180-967371cc018a,P000085,9,1.95
846d41f2-99c5-5a7f-960d-696d0a057b35,P000122,3,4.65
8e3cf97c-6bd1-5a70-9e94-73f8ca0d4ef9,P000084,11,2.40
8e3cf97c-6bd1-5a70-9e94-73f8ca0d4ef9,P000097,7,4.10
8e3cf97c-6bd1-5a70-9e94-73f8ca0d4ef9,P000104,14,4.40
8e3cf97c-6bd1-5a70-9e94-73f8ca0d4ef9,P000120,10,2.60
8e3cf97c-6bd1-5a70-9e94-73f8ca0d4ef9,P000129,10,4.10
8b752174-e062-5715-97a3-35ffdd5f9684,P000103,11,3.85
8b752174-e062-5715-97a3-35ffdd5f9684,P000119,13,3.75
8b752174-e062-5715-97a3-35ffdd5f9684,P000106,6,3.60
b7866b59-64cf-5c58-85fd-1fa8ef31103b,P000084,11,2.40
b7866b59-64cf-5c58-85fd-1fa8ef31103b,P000094,14,3.25
b7866b59-64cf-5c58-85fd-1fa8ef31103b,P000128,5,3.95
b7866b59-64cf-5c58-85fd-1fa8ef31103b,P000132,10,4.80
b7866b59-64cf-5c58-85fd-1fa8ef31103b,P000086,9,4.20
ce29ef64-e251-5fdf-8140-282083b0c9ff,P000133,4,2.20
ce29ef64-e251-5fdf-8140-282083b0c9ff,P000097,1,4.10
ce29ef64-e251-5fdf-8140-282083b0c9ff,P000090,5,3.70
ce29ef64-e251-5fdf-8140-282083b0c9ff,P000092,1,3.60
dbf2bb07-efae-513c-a2d8-da6e323b82b9,P000126,5,2.70
dbf2bb07-efae-513c-a2d8-da6e323b82b9,P000086,3,4.20
dbf2bb07-efae-513c-a2d8-da6e323b82b9,P000084,1,2.40
dbf2bb07-efae-513c-a2d8-da6e323b82b9,P000137,1,3.80
dbf2bb07-efae-513c-a2d8-da6e323b82b9,P000103,2,3.85
77245773-c069-528a-aa20-03604d7c58f7,P000134,3,4.25
77245773-c069-528a-aa20-03604d7c58f7,P000089,4,2.65
b07ba922-dd61-5762-b5ed-1f56fea265f9,P000139,11,4.75
b07ba922-dd61-5762-b5ed-1f56fea265f9,P000131,14,3.45
b07ba922-dd61-5762-b5ed-1f56fea265f9,P000134,14,4.25
b07ba922-dd61-5762-b5ed-1f56fea265f9,P000098,12,5.50
676f7944-56e2-599a-a495-0509f37576c6,P000119,4,3.75
676f7944-56e2-599a-a495-0509f37576c6,P000093,8,4.75
676f7944-56e2-599a-a495-0509f37576c6,P000112,4,4.30
676f7944-56e2-599a-a495-0509f37576c6,P000096,12,2.20
8705fc0b-3c78-5496-bfbf-fc745afdb72e,P000112,5,4.30
8705fc0b-3c78-5496-bfbf-fc745afdb72e,P000100,3,3.80
8705fc0b-3c78-5496-bfbf-fc745afdb72e,P000121,5,3.20
8705fc0b-3c78-5496-bfbf-fc745afdb72e,P000102,11,1.90
8c140380-e82e-55a9-9e75-cd302b66fe8b,P000108,15,2.50
8c140380-e82e-55a9-9e75-cd302b66fe8b,P000113,13,4.10
8c140380-e82e-55a9-9e75-cd302b66fe8b,P000133,10,2.20
8c140380-e82e-55a9-9e75-cd302b66fe8b,P000128,3,3.95
5531bc24-7cae-5275-b1a7-9bd8f3301eea,P000111,10,4.60
5531bc24-7cae-5275-b1a7-9bd8f3301eea,P000113,10,4.10
5531bc24-7cae-5275-b1a7-9bd8f3301eea,P000102,10,1.90
5531bc24-7cae-5275-b1a7-9bd8f3301eea,P000087,12,4.50
5531bc24-7cae-5275-b1a7-9bd8f3301eea,P000120,7,2.60
2912e3fd-d306-5295-a691-38275ba58d5e,P000136,12,2.95
2912e3fd-d306-5295-a691-38275ba58d5e,P000092,15,3.60
2912e3fd-d306-5295-a691-38275ba58d5e,P000124,5,2.85
2912e3fd-d306-5295-a691-38275ba58d5e,P000127,7,4.40
2912e3fd-d306-5295-a691-38275ba58d5e,P000133,11,2.20
f54d67c1-8e87-59a9-8cb3-8a9d775478b1,P000097,2,4.10
f54d67c1-8e87-59a9-8cb3-8a9d775478b1,P000113,3,4.10
f54d67c1-8e87-59a9-8cb3-8a9d775478b1,P000134,2,4.25
2f30a2fe-008e-5054-b814-3cf327a41581,P000120,8,2.60
2f30a2fe-008e-5054-b814-3cf327a41581,P000094,6,3.25
2f30a2fe-008e-5054-b814-3cf327a41581,P000115,4,2.90
2f30a2fe-008e-5054-b814-3cf327a41581,P000140,5,12.00
85d2fa10-570d-5595-a33e-ff65d2736900,P000121,11,3.20
85d2fa10-570d-5595-a33e-ff65d2736900,P000137,13,3.80
85d2fa10-570d-5595-a33e-ff65d2736900,P000117,7,4.35
85d2fa10-570d-5595-a33e-ff65d2736900,P000125,12,3.50
85d2fa10-570d-5595-a33e-ff65d2736900,P000140,7,12.00
bd18dfc9-60fe-5244-b65a-e7dc43a14130,P000095,8,3.95
bd18dfc9-60fe-5244-b65a-e7dc43a14130,P000091,5,2.75
bd18dfc9-60fe-5244-b65a-e7dc43a14130,P000132,7,4.80
255cc7a5-8a23-520c-a031-769075f950fb,P000094,9,3.25
255cc7a5-8a23-520c-a031-769075f950fb,P000106,10,3.60
255cc7a5-8a23-520c-a031-769075f950fb,P000087,8,4.50
963cd415-e809-5a1b-a6ce-580525ed26ff,P000112,13,4.30
963cd415-e809-5a1b-a6ce-580525ed26ff,P000121,14,3.20
963cd415-e809-5a1b-a6ce-580525ed26ff,P000103,11,3.85
963cd415-e809-5a1b-a6ce-580525ed26ff,P000124,7,2.85
963cd415-e809-5a1b-a6ce-580525ed26ff,P000111,7,4.60
963cd415-e809-5a1b-a6ce-580525ed26ff,P000137,15,3.80
8ad838dd-7e84-57ce-b2a9-adc4fc838672,P000128,12,3.95
8ad838dd-7e84-57ce-b2a9-adc4fc838672,P000092,11,3.60
8ad838dd-7e84-57ce-b2a9-adc4fc838672,P000129,13,4.10
8ad838dd-7e84-57ce-b2a9-adc4fc838672,P000086,8,4.20
11646277-2d4e-544c-a336-5552ec2ca264,P000121,4,3.20
11646277-2d4e-544c-a336-5552ec2ca264,P000132,4,4.80
11646277-2d4e-544c-a336-5552ec2ca264,P000102,3,1.90
11646277-2d4e-544c-a336-5552ec2ca264,P000135,4,4.55
11646277-2d4e-544c-a336-5552ec2ca264,P000118,3,3.90
5d879acb-df0d-5093-838f-1d03696ee498,P000109,13,3.10
5d879acb-df0d-5093-838f-1d03696ee498,P000138,7,2.90
5d879acb-df0d-5093-838f-1d03696ee498,P000097,14,4.10
15c824e0-c26b-5244-904a-3390bf7d3212,P000134,14,4.25
15c824e0-c26b-5244-904a-3390bf7d3212,P000090,15,3.70
15c824e0-c26b-5244-904a-3390bf7d3212,P000119,9,3.75
b6c98519-242f-5ce8-8537-a0c863ffae1b,P000104,4,4.40
b6c98519-242f-5ce8-8537-a0c863ffae1b,P000141,9,4.30
b6c98519-242f-5ce8-8537-a0c863ffae1b,P000123,9,4.20
f3829f3f-08a0-5808-8fef-1d51e9ff81d1,P000140,6,12.00
f3829f3f-08a0-5808-8fef-1d51e9ff81d1,P000089,9,2.65
f3829f3f-08a0-5808-8fef-1d51e9ff81d1,P000132,11,4.80
f3829f3f-08a0-5808-8fef-1d51e9ff81d1,P000130,14,3.30
f3829f3f-08a0-5808-8fef-1d51e9ff81d1,P000116,3,3.80
f3829f3f-08a0-5808-8fef-1d51e9ff81d1,P000083,11,2.80
1dd4e4f0-e070-5406-8e27-a6cce1d78f8d,P000096,6,2.20
1dd4e4f0-e070-5406-8e27-a6cce1d78f8d,P000126,5,2.70
1dd4e4f0-e070-5406-8e27-a6cce1d78f8d,P000110,4,3.70
647420a0-ac90-5512-b2f6-371ee1c73808,P000134,3,4.25
647420a0-ac90-5512-b2f6-371ee1c73808,P000125,2,3.50
647420a0-ac90-5512-b2f6-371ee1c73808,P000114,3,3.50
08a56b97-4bff-5ade-b4bf-9ab395417d7e,P000128,6,3.95
08a56b97-4bff-5ade-b4bf-9ab395417d7e,P000134,10,4.25
08a56b97-4bff-5ade-b4bf-9ab395417d7e,P000139,11,4.75
08a56b97-4bff-5ade-b4bf-9ab395417d7e,P000132,14,4.80
08a56b97-4bff-5ade-b4bf-9ab395417d7e,P000104,9,4.40
b9f17915-f091-5f1c-aaf6-fe1d1b858c06,P000107,8,3.20
b9f17915-f091-5f1c-aaf6-fe1d1b858c06,P000114,8,3.50
b9f17915-f091-5f1c-aaf6-fe1d1b858c06,P000125,7,3.50
b9f17915-f091-5f1c-aaf6-fe1d1b858c06,P000099,12,3.95
b9f17915-f091-5f1c-aaf6-fe1d1b858c06,P000115,4,2.90
f26bdf58-6481-5292-acf1-91832a6731c3,P000120,9,2.60
f26bdf58-6481-5292-acf1-91832a6731c3,P000102,11,1.90
f26bdf58-6481-5292-acf1-91832a6731c3,P000092,6,3.60
0414a379-8f0b-555b-a15e-9bb624222e5a,P000118,7,3.90
0414a379-8f0b-555b-a15e-9bb624222e5a,P000096,6,2.20
0414a379-8f0b-555b-a15e-9bb624222e5a,P000106,5,3.60
0414a379-8f0b-555b-a15e-9bb624222e5a,P000092,3,3.60
0414a379-8f0b-555b-a15e-9bb624222e5a,P000085,8,1.95
0414a379-8f0b-555b-a15e-9bb624222e5a,P000088,12,4.80
216e5527-770f-582b-9bb7-73f413bb6548,P000128,5,3.95
216e5527-770f-582b-9bb7-73f413bb6548,P000096,3,2.20
216e5527-770f-582b-9bb7-73f413bb6548,P000092,1,3.60
216e5527-770f-582b-9bb7-73f413bb6548,P000090,4,3.70
b740a29b-a858-59ca-b12f-265c862bb37d,P000110,2,3.70
919dde42-69a1-504e-9cb2-375ae720427e,P000104,3,4.40
cd2ef41f-5a20-5a1a-9bd0-a05d27513cf2,P000087,11,4.50
cd2ef41f-5a20-5a1a-9bd0-a05d27513cf2,P000099,11,3.95
cd2ef41f-5a20-5a1a-9bd0-a05d27513cf2,P000095,10,3.95
cd2ef41f-5a20-5a1a-9bd0-a05d27513cf2,P000120,11,2.60
cd2ef41f-5a20-5a1a-9bd0-a05d27513cf2,P000106,9,3.60
cd2ef41f-5a20-5a1a-9bd0-a05d27513cf2,P000105,7,4.25
3d61afbc-a775-519d-b53f-d1505bc4dda3,P000125,9,3.50
3d61afbc-a775-519d-b53f-d1505bc4dda3,P000109,14,3.10
3d61afbc-a775-519d-b53f-d1505bc4dda3,P000098,13,5.50
3d61afbc-a775-519d-b53f-d1505bc4dda3,P000101,11,3.40
3d61afbc-a775-519d-b53f-d1505bc4dda3,P000111,5,4.60
96f7cf3c-93ee-51a9-8708-d473b17a03cb,P000104,13,4.40
96f7cf3c-93ee-51a9-8708-d473b17a03cb,P000084,6,2.40
96f7cf3c-93ee-51a9-8708-d473b17a03cb,P000138,12,2.90
440fd7c9-11f8-57a2-85fb-e3915c4e1d10,P000134,3,4.25
440fd7c9-11f8-57a2-85fb-e3915c4e1d10,P000141,10,4.30
440fd7c9-11f8-57a2-85fb-e3915c4e1d10,P000122,5,4.65
440fd7c9-11f8-57a2-85fb-e3915c4e1d10,P000116,10,3.80
8458deca-558c-5b72-9b43-b0df3c3c9beb,P000117,9,4.35
8458deca-558c-5b72-9b43-b0df3c3c9beb,P000096,11,2.20
8458deca-558c-5b72-9b43-b0df3c3c9beb,P000086,11,4.20
2fa7bd5f-4141-508b-9cd9-5cf1f1bfc750,P000115,1,2.90
2fa7bd5f-4141-508b-9cd9-5cf1f1bfc750,P000086,2,4.20
2fa7bd5f-4141-508b-9cd9-5cf1f1bfc750,P000095,1,3.95
72986bda-6c2c-5c7a-a2d5-936689ca877e,P000096,8,2.20
72986bda-6c2c-5c7a-a2d5-936689ca877e,P000086,8,4.20
72986bda-6c2c-5c7a-a2d5-936689ca877e,P000141,4,4.30
72986bda-6c2c-5c7a-a2d5-936689ca877e,P000087,4,4.50
72986bda-6c2c-5c7a-a2d5-936689ca877e,P000108,7,2.50
72986bda-6c2c-5c7a-a2d5-936689ca877e,P000133,11,2.20
83df0dd7-5bc1-5ebc-a4b6-eb98eca739c9,P000120,2,2.60
83df0dd7-5bc1-5ebc-a4b6-eb98eca739c9,P000116,5,3.80
83df0dd7-5bc1-5ebc-a4b6-eb98eca739c9,P000098,5,5.50
9c1ee4a7-3151-56d1-bd5d-d73418fa1196,P000116,3,3.80
dc9a1892-f766-528c-9caf-ef897643a59f,P000097,2,4.10
dc9a1892-f766-528c-9caf-ef897643a59f,P000126,2,2.70
dc9a1892-f766-528c-9caf-ef897643a59f,P000140,5,12.00
dc9a1892-f766-528c-9caf-ef897643a59f,P000125,3,3.50
992729a6-0c1e-541b-b799-875c0063eaa5,P000122,5,4.65
992729a6-0c1e-541b-b799-875c0063eaa5,P000132,12,4.80
992729a6-0c1e-541b-b799-875c0063eaa5,P000100,13,3.80
992729a6-0c1e-541b-b799-875c0063eaa5,P000099,8,3.95
e26efbcb-78fb-5cca-9ccd-6364fdca63fb,P000142,10,2.75
e26efbcb-78fb-5cca-9ccd-6364fdca63fb,P000101,6,3.40
e26efbcb-78fb-5cca-9ccd-6364fdca63fb,P000120,10,2.60
e26efbcb-78fb-5cca-9ccd-6364fdca63fb,P000132,8,4.80
579f6c92-27b8-5623-9404-a166fdf59f1c,P000124,4,2.85
579f6c92-27b8-5623-9404-a166fdf59f1c,P000127,6,4.40
579f6c92-27b8-5623-9404-a166fdf59f1c,P000089,5,2.65
579f6c92-27b8-5623-9404-a166fdf59f1c,P000094,12,3.25
579f6c92-27b8-5623-9404-a166fdf59f1c,P000108,11,2.50
d2565873-e0b5-5b16-86e7-a91f385ee209,P000116,2,3.80
d2565873-e0b5-5b16-86e7-a91f385ee209,P000114,3,3.50
6202ea7b-f7b0-50a5-b947-9247b88c1017,P000125,3,3.50
6202ea7b-f7b0-50a5-b947-9247b88c1017,P000137,1,3.80
7518aaf5-df10-5296-842d-10d82b75dd3d,P000138,3,2.90
7518aaf5-df10-5296-842d-10d82b75dd3d,P000108,15,2.50
7518aaf5-df10-5296-842d-10d82b75dd3d,P000092,15,3.60
51f06d94-b5f4-547a-b6d9-0c24358829ba,P000108,14,2.50
51f06d94-b5f4-547a-b6d9-0c24358829ba,P000097,14,4.10
51f06d94-b5f4-547a-b6d9-0c24358829ba,P000137,14,3.80
a6efd21a-2ecd-5a80-8271-ddd75e8a643b,P000130,12,3.30
a6efd21a-2ecd-5a80-8271-ddd75e8a643b,P000128,14,3.95
a6efd21a-2ecd-5a80-8271-ddd75e8a643b,P000083,8,2.80
affb2420-c2b0-5772-8660-f0475c1187bf,P000123,14,4.20
affb2420-c2b0-5772-8660-f0475c1187bf,P000136,7,2.95
affb2420-c2b0-5772-8660-f0475c1187bf,P000094,4,3.25
affb2420-c2b0-5772-8660-f0475c1187bf,P000121,10,3.20
affb2420-c2b0-5772-8660-f0475c1187bf,P000109,5,3.10
40b83a3f-7723-5df1-bda3-c9ad25ee0e15,P000094,5,3.25
40b83a3f-7723-5df1-bda3-c9ad25ee0e15,P000106,9,3.60
40b83a3f-7723-5df1-bda3-c9ad25ee0e15,P000140,13,12.00
40b83a3f-7723-5df1-bda3-c9ad25ee0e15,P000119,5,3.75
c5e5cfca-04c0-542c-9e56-677776a10602,P000098,4,5.50
c5e5cfca-04c0-542c-9e56-677776a10602,P000126,10,2.70
c5e5cfca-04c0-542c-9e56-677776a10602,P000114,12,3.50
c5e5cfca-04c0-542c-9e56-677776a10602,P000134,15,4.25
c5e5cfca-04c0-542c-9e56-677776a10602,P000140,15,12.00
c5e5cfca-04c0-542c-9e56-677776a10602,P000106,5,3.60
61571230-a958-527b-adfb-c43c3d8c2a82,P000125,2,3.50
61571230-a958-527b-adfb-c43c3d8c2a82,P000086,1,4.20
61571230-a958-527b-adfb-c43c3d8c2a82,P000119,2,3.75
41cec34a-6c71-5158-9a86-321dd1c91726,P000137,3,3.80
41cec34a-6c71-5158-9a86-321dd1c91726,P000118,2,3.90
8b083852-8471-5856-88b9-a96337a45185,P000127,7,4.40
8b083852-8471-5856-88b9-a96337a45185,P000091,11,2.75
8b083852-8471-5856-88b9-a96337a45185,P000121,12,3.20
b3fb7c94-7802-52b4-96fc-cbea8d2ea526,P000094,4,3.25
b3fb7c94-7802-52b4-96fc-cbea8d2ea526,P000120,13,2.60
b3fb7c94-7802-52b4-96fc-cbea8d2ea526,P000133,10,2.20
f7efebe5-e252-535e-a19e-56ba8e6f8e16,P000137,8,3.80
f7efebe5-e252-535e-a19e-56ba8e6f8e16,P000089,10,2.65
f7efebe5-e252-535e-a19e-56ba8e6f8e16,P000107,8,3.20
f7efebe5-e252-535e-a19e-56ba8e6f8e16,P000126,8,2.70
f7efebe5-e252-535e-a19e-56ba8e6f8e16,P000094,9,3.25
59c11bbe-ad0e-5265-b72c-1a9449a106d0,P000107,3,3.20
59c11bbe-ad0e-5265-b72c-1a9449a106d0,P000131,2,3.45
bfef2afc-2118-5d11-92b8-3b1fb15f56e0,P000099,3,3.95
bfef2afc-2118-5d11-92b8-3b1fb15f56e0,P000132,2,4.80
bfef2afc-2118-5d11-92b8-3b1fb15f56e0,P000096,2,2.20
cd7d18d8-7651-5c39-b8f3-462f85612809,P000100,6,3.80
cd7d18d8-7651-5c39-b8f3-462f85612809,P000088,11,4.80
cd7d18d8-7651-5c39-b8f3-462f85612809,P000140,6,12.00
cd7d18d8-7651-5c39-b8f3-462f85612809,P000127,9,4.40
cd7d18d8-7651-5c39-b8f3-462f85612809,P000118,12,3.90
cd7d18d8-7651-5c39-b8f3-462f85612809,P000084,11,2.40
f1794683-8cc6-52f4-b1a8-c3a51df5efd7,P000118,2,3.90
410b3515-951c-5d70-8a81-3f0f72bfd78b,P000088,11,4.80
410b3515-951c-5d70-8a81-3f0f72bfd78b,P000092,9,3.60
410b3515-951c-5d70-8a81-3f0f72bfd78b,P000117,10,4.35
410b3515-951c-5d70-8a81-3f0f72bfd78b,P000097,4,4.10
410b3515-951c-5d70-8a81-3f0f72bfd78b,P000136,14,2.95
f2533a38-7be0-53a7-9a19-45509f4f46ce,P000108,8,2.50
f2533a38-7be0-53a7-9a19-45509f4f46ce,P000124,14,2.85
f2533a38-7be0-53a7-9a19-45509f4f46ce,P000137,8,3.80
f2533a38-7be0-53a7-9a19-45509f4f46ce,P000113,12,4.10
f2533a38-7be0-53a7-9a19-45509f4f46ce,P000089,11,2.65
bf0d9e5b-e18e-5bb0-8091-38658e7310b0,P000085,11,1.95
bf0d9e5b-e18e-5bb0-8091-38658e7310b0,P000095,5,3.95
bf0d9e5b-e18e-5bb0-8091-38658e7310b0,P000119,14,3.75
bf0d9e5b-e18e-5bb0-8091-38658e7310b0,P000116,13,3.80
0034fe18-92cf-56b5-ac0b-457a5f8fac7f,P000112,8,4.30
0034fe18-92cf-56b5-ac0b-457a5f8fac7f,P000108,5,2.50
0034fe18-92cf-56b5-ac0b-457a5f8fac7f,P000089,8,2.65
0034fe18-92cf-56b5-ac0b-457a5f8fac7f,P000096,4,2.20
b0418e33-7603-5018-9d02-a1b7ec9a85b8,P000119,5,3.75
b0418e33-7603-5018-9d02-a1b7ec9a85b8,P000099,8,3.95
b0418e33-7603-5018-9d02-a1b7ec9a85b8,P000091,4,2.75
b0418e33-7603-5018-9d02-a1b7ec9a85b8,P000142,11,2.75
b0418e33-7603-5018-9d02-a1b7ec9a85b8,P000127,5,4.40
b0418e33-7603-5018-9d02-a1b7ec9a85b8,P000095,5,3.95
feaba4bd-903c-55ea-bd5d-16d0717e3673,P000100,10,3.80
feaba4bd-903c-55ea-bd5d-16d0717e3673,P000130,5,3.30
feaba4bd-903c-55ea-bd5d-16d0717e3673,P000135,12,4.55
feaba4bd-903c-55ea-bd5d-16d0717e3673,P000114,5,3.50
feaba4bd-903c-55ea-bd5d-16d0717e3673,P000138,9,2.90
550e07b3-e23a-521b-9a33-4fa6e39c21b9,P000123,6,4.20
550e07b3-e23a-521b-9a33-4fa6e39c21b9,P000139,12,4.75
550e07b3-e23a-521b-9a33-4fa6e39c21b9,P000090,5,3.70
550e07b3-e23a-521b-9a33-4fa6e39c21b9,P000091,10,2.75
fc5a8026-d242-58d6-8ac4-c9d8ae16eeae,P000095,2,3.95
fc5a8026-d242-58d6-8ac4-c9d8ae16eeae,P000121,5,3.20
fc5a8026-d242-58d6-8ac4-c9d8ae16eeae,P000114,4,3.50
313a52e4-8826-5dd1-a99e-839927658668,P000122,3,4.65
313a52e4-8826-5dd1-a99e-839927658668,P000134,7,4.25
313a52e4-8826-5dd1-a99e-839927658668,P000112,15,4.30
313a52e4-8826-5dd1-a99e-839927658668,P000124,10,2.85
bc29dc45-1715-55bd-8f57-7e009be2d03e,P000113,2,4.10
bc29dc45-1715-55bd-8f57-7e009be2d03e,P000116,2,3.80
be683871-73f6-59e2-b50f-609b137a88b5,P000097,4,4.10
be683871-73f6-59e2-b50f-609b137a88b5,P000133,2,2.20
be683871-73f6-59e2-b50f-609b137a88b5,P000116,3,3.80
26254b89-53de-5526-831a-23f0b8ce415e,P000126,7,2.70
26254b89-53de-5526-831a-23f0b8ce415e,P000134,11,4.25
26254b89-53de-5526-831a-23f0b8ce415e,P000106,9,3.60
f66f3839-bab3-528a-8ff0-7abaaf6c789d,P000113,12,4.10
f66f3839-bab3-528a-8ff0-7abaaf6c789d,P000105,12,4.25
f66f3839-bab3-528a-8ff0-7abaaf6c789d,P000087,11,4.50
f66f3839-bab3-528a-8ff0-7abaaf6c789d,P000125,4,3.50
67214f91-0819-5cde-84e2-f1d9d4145c7e,P000093,1,4.75
67214f91-0819-5cde-84e2-f1d9d4145c7e,P000095,2,3.95
8496ac45-d5e0-5f41-a378-ff4b6ac64339,P000112,14,4.30
8496ac45-d5e0-5f41-a378-ff4b6ac64339,P000088,11,4.80
8496ac45-d5e0-5f41-a378-ff4b6ac64339,P000122,10,4.65
87284244-d3f5-5ebf-9062-b88791feb8cc,P000133,3,2.20
87284244-d3f5-5ebf-9062-b88791feb8cc,P000132,3,4.80
0db36ba0-38b2-5220-9568-1fafd951f07a,P000102,6,1.90
0db36ba0-38b2-5220-9568-1fafd951f07a,P000137,6,3.80
0db36ba0-38b2-5220-9568-1fafd951f07a,P000086,14,4.20
0db36ba0-38b2-5220-9568-1fafd951f07a,P000084,6,2.40
f2e586ab-d3a3-5fc5-bf54-a778425a017d,P000131,11,3.45
f2e586ab-d3a3-5fc5-bf54-a778425a017d,P000088,4,4.80
f2e586ab-d3a3-5fc5-bf54-a778425a017d,P000093,6,4.75
f2e586ab-d3a3-5fc5-bf54-a778425a017d,P000138,4,2.90
2ebe041d-0431-56f5-849c-d9b546732718,P000093,2,4.75
2ebe041d-0431-56f5-849c-d9b546732718,P000109,1,3.10
64aab9a8-6a89-57ab-aa02-66f71b09ba4e,P000083,14,2.80
64aab9a8-6a89-57ab-aa02-66f71b09ba4e,P000133,11,2.20
64aab9a8-6a89-57ab-aa02-66f71b09ba4e,P000120,14,2.60
64aab9a8-6a89-57ab-aa02-66f71b09ba4e,P000096,7,2.20
67c0024a-b8a5-5802-87c4-af3b49f79e0d,P000119,12,3.75
67c0024a-b8a5-5802-87c4-af3b49f79e0d,P000137,4,3.80
67c0024a-b8a5-5802-87c4-af3b49f79e0d,P000117,8,4.35
67c0024a-b8a5-5802-87c4-af3b49f79e0d,P000108,6,2.50
67c0024a-b8a5-5802-87c4-af3b49f79e0d,P000138,9,2.90
156bf1c3-8231-5c5a-b8c1-1bd8b51f6e83,P000127,3,4.40
156bf1c3-8231-5c5a-b8c1-1bd8b51f6e83,P000133,1,2.20
156bf1c3-8231-5c5a-b8c1-1bd8b51f6e83,P000132,5,4.80
156bf1c3-8231-5c5a-b8c1-1bd8b51f6e83,P000090,5,3.70
63ed9bdc-851a-5cea-b054-2c8f05f2463d,P000096,5,2.20
63ed9bdc-851a-5cea-b054-2c8f05f2463d,P000127,3,4.40
63ed9bdc-851a-5cea-b054-2c8f05f2463d,P000083,1,2.80
63ed9bdc-851a-5cea-b054-2c8f05f2463d,P000140,5,12.00
d8580d87-4846-5427-8f57-f3e2e7ff36d9,P000091,4,2.75
d8580d87-4846-5427-8f57-f3e2e7ff36d9,P000107,3,3.20
d8580d87-4846-5427-8f57-f3e2e7ff36d9,P000096,4,2.20
c9047c91-66ed-5c58-b397-6c6c34967b2d,P000120,1,2.60
c9047c91-66ed-5c58-b397-6c6c34967b2d,P000113,2,4.10
9c3bfa9d-cd98-57ca-8d1b-1986ae3d0668,P000100,15,3.80
9c3bfa9d-cd98-57ca-8d1b-1986ae3d0668,P000140,6,12.00
9c3bfa9d-cd98-57ca-8d1b-1986ae3d0668,P000091,9,2.75
9c3bfa9d-cd98-57ca-8d1b-1986ae3d0668,P000088,9,4.80
9c3bfa9d-cd98-57ca-8d1b-1986ae3d0668,P000130,13,3.30
9c3bfa9d-cd98-57ca-8d1b-1986ae3d0668,P000134,15,4.25
5ee3b6d4-c02c-54ef-a2ae-c88724e925a9,P000130,8,3.30
5ee3b6d4-c02c-54ef-a2ae-c88724e925a9,P000139,11,4.75
5ee3b6d4-c02c-54ef-a2ae-c88724e925a9,P000140,10,12.00
5ee3b6d4-c02c-54ef-a2ae-c88724e925a9,P000092,12,3.60
e0c3461b-e6ca-5248-b9a7-853ccbb4e3d9,P000138,11,2.90
e0c3461b-e6ca-5248-b9a7-853ccbb4e3d9,P000116,3,3.80
e0c3461b-e6ca-5248-b9a7-853ccbb4e3d9,P000136,11,2.95
d9e43571-8e2e-50be-a32a-415ce16f4b87,P000104,14,4.40
d9e43571-8e2e-50be-a32a-415ce16f4b87,P000110,8,3.70
d9e43571-8e2e-50be-a32a-415ce16f4b87,P000127,7,4.40
229bae15-07cc-5d2c-aa96-96dfacb3fd2d,P000141,12,4.30
229bae15-07cc-5d2c-aa96-96dfacb3fd2d,P000115,12,2.90
229bae15-07cc-5d2c-aa96-96dfacb3fd2d,P000136,11,2.95
229bae15-07cc-5d2c-aa96-96dfacb3fd2d,P000113,11,4.10
1aa361a4-a723-5a38-a944-0f69d0054db7,P000119,10,3.75
1aa361a4-a723-5a38-a944-0f69d0054db7,P000103,7,3.85
1aa361a4-a723-5a38-a944-0f69d0054db7,P000133,11,2.20
1aa361a4-a723-5a38-a944-0f69d0054db7,P000083,12,2.80
20523b40-727c-565b-a24d-a81a6551f425,P000097,9,4.10
20523b40-727c-565b-a24d-a81a6551f425,P000125,11,3.50
20523b40-727c-565b-a24d-a81a6551f425,P000084,12,2.40
20523b40-727c-565b-a24d-a81a6551f425,P000138,8,2.90
20523b40-727c-565b-a24d-a81a6551f425,P000095,7,3.95
d720c958-64e9-5361-86dc-5a589d4b6517,P000104,1,4.40
d5dcc625-190a-5488-9d24-36d9548c90fd,P000106,9,3.60
d5dcc625-190a-5488-9d24-36d9548c90fd,P000114,13,3.50
d5dcc625-190a-5488-9d24-36d9548c90fd,P000126,9,2.70
d5dcc625-190a-5488-9d24-36d9548c90fd,P000105,5,4.25
d5dcc625-190a-5488-9d24-36d9548c90fd,P000140,11,12.00
a22d3edc-47db-569b-9f3d-f9aad726cb49,P000093,6,4.75
a22d3edc-47db-569b-9f3d-f9aad726cb49,P000095,11,3.95
a22d3edc-47db-569b-9f3d-f9aad726cb49,P000138,11,2.90
a22d3edc-47db-569b-9f3d-f9aad726cb49,P000108,10,2.50
eee51f76-781f-5c13-b0d6-f0c0db3b8d1d,P000133,3,2.20
eee51f76-781f-5c13-b0d6-f0c0db3b8d1d,P000125,3,3.50
2baff1f6-b35c-50ff-8fc1-026a9224f2e7,P000140,1,12.00
2baff1f6-b35c-50ff-8fc1-026a9224f2e7,P000101,3,3.40
62125cbe-0016-5467-9e08-03f63faacfd9,P000096,3,2.20
62125cbe-0016-5467-9e08-03f63faacfd9,P000109,1,3.10
62125cbe-0016-5467-9e08-03f63faacfd9,P000133,3,2.20
d3b5ed50-4d63-5353-afde-60ee813ffb05,P000101,13,3.40
d3b5ed50-4d63-5353-afde-60ee813ffb05,P000141,6,4.30
d3b5ed50-4d63-5353-afde-60ee813ffb05,P000139,11,4.75
f5df42f1-bb51-5fa4-b847-cfcb1ff66a68,P000091,2,2.75
f5df42f1-bb51-5fa4-b847-cfcb1ff66a68,P000086,2,4.20
f5df42f1-bb51-5fa4-b847-cfcb1ff66a68,P000104,5,4.40
f5df42f1-bb51-5fa4-b847-cfcb1ff66a68,P000127,1,4.40
25b62427-d9e2-5b43-a652-a6895642e483,P000099,4,3.95
25b62427-d9e2-5b43-a652-a6895642e483,P000083,9,2.80
25b62427-d9e2-5b43-a652-a6895642e483,P000107,11,3.20
25b62427-d9e2-5b43-a652-a6895642e483,P000129,6,4.10
edb1f5f2-936c-57cd-b928-f19ed66c96dd,P000087,12,4.50
edb1f5f2-936c-57cd-b928-f19ed66c96dd,P000110,7,3.70
edb1f5f2-936c-57cd-b928-f19ed66c96dd,P000116,5,3.80
edb1f5f2-936c-57cd-b928-f19ed66c96dd,P000109,5,3.10
edb1f5f2-936c-57cd-b928-f19ed66c96dd,P000130,10,3.30
95acb409-dbc1-5532-9303-abe4fab51073,P000088,7,4.80
95acb409-dbc1-5532-9303-abe4fab51073,P000096,4,2.20
95acb409-dbc1-5532-9303-abe4fab51073,P000142,6,2.75
72eaf5a4-26ab-50cf-ba59-afb48d6d4eb3,P000130,7,3.30
72eaf5a4-26ab-50cf-ba59-afb48d6d4eb3,P000098,4,5.50
72eaf5a4-26ab-50cf-ba59-afb48d6d4eb3,P000091,4,2.75
5f860b80-0a0b-5598-8bc2-951f9e3c8382,P000113,1,4.10
6466cb06-2466-579c-a567-16d3f596a50c,P000136,6,2.95
6466cb06-2466-579c-a567-16d3f596a50c,P000085,13,1.95
6466cb06-2466-579c-a567-16d3f596a50c,P000092,11,3.60
6466cb06-2466-579c-a567-16d3f596a50c,P000130,15,3.30
6466cb06-2466-579c-a567-16d3f596a50c,P000084,13,2.40
187a4eab-3801-5efc-afa8-7a37d04e4bbe,P000142,15,2.75
187a4eab-3801-5efc-afa8-7a37d04e4bbe,P000094,12,3.25
187a4eab-3801-5efc-afa8-7a37d04e4bbe,P000127,4,4.40
187a4eab-3801-5efc-afa8-7a37d04e4bbe,P000140,12,12.00
187a4eab-3801-5efc-afa8-7a37d04e4bbe,P000091,6,2.75
cee58eaa-5ab6-534d-b078-f757149d1934,P000101,3,3.40
cee58eaa-5ab6-534d-b078-f757149d1934,P000115,4,2.90
e4572023-e5b1-5822-ad5f-b303696a35da,P000091,3,2.75
e4572023-e5b1-5822-ad5f-b303696a35da,P000126,1,2.70
e4572023-e5b1-5822-ad5f-b303696a35da,P000098,1,5.50
2afbe65a-a68a-5318-b059-20ca2893ea53,P000113,9,4.10
2afbe65a-a68a-5318-b059-20ca2893ea53,P000128,13,3.95
2afbe65a-a68a-5318-b059-20ca2893ea53,P000139,7,4.75
2afbe65a-a68a-5318-b059-20ca2893ea53,P000120,8,2.60
512172f3-0740-54b0-8717-2bf8bfbaaa41,P000103,11,3.85
512172f3-0740-54b0-8717-2bf8bfbaaa41,P000111,5,4.60
512172f3-0740-54b0-8717-2bf8bfbaaa41,P000113,7,4.10
512172f3-0740-54b0-8717-2bf8bfbaaa41,P000126,13,2.70
b7cbddb7-2b4b-5b12-9dba-70069839ff74,P000116,5,3.80
b7cbddb7-2b4b-5b12-9dba-70069839ff74,P000083,2,2.80
b7cbddb7-2b4b-5b12-9dba-70069839ff74,P000111,5,4.60
b7cbddb7-2b4b-5b12-9dba-70069839ff74,P000140,5,12.00
b7cbddb7-2b4b-5b12-9dba-70069839ff74,P000119,1,3.75
d7469ec0-832f-505c-8283-246c2da7fba8,P000120,10,2.60
d7469ec0-832f-505c-8283-246c2da7fba8,P000084,10,2.40
d7469ec0-832f-505c-8283-246c2da7fba8,P000126,7,2.70
d70ca86c-67c9-5f6c-9156-51ace93d3d9d,P000140,12,12.00
d70ca86c-67c9-5f6c-9156-51ace93d3d9d,P000139,13,4.75
d70ca86c-67c9-5f6c-9156-51ace93d3d9d,P000116,5,3.80
d70ca86c-67c9-5f6c-9156-51ace93d3d9d,P000106,5,3.60
d70ca86c-67c9-5f6c-9156-51ace93d3d9d,P000119,5,3.75
11990384-3d22-54bc-849b-a84a41e72832,P000124,8,2.85
11990384-3d22-54bc-849b-a84a41e72832,P000130,5,3.30
11990384-3d22-54bc-849b-a84a41e72832,P000099,15,3.95
c2af59cc-fb51-5135-b7e2-4202e0272b59,P000090,7,3.70
c2af59cc-fb51-5135-b7e2-4202e0272b59,P000087,7,4.50
c2af59cc-fb51-5135-b7e2-4202e0272b59,P000106,9,3.60
c2af59cc-fb51-5135-b7e2-4202e0272b59,P000115,6,2.90
c2af59cc-fb51-5135-b7e2-4202e0272b59,P000096,11,2.20
0c8c8ab5-3ed1-55c5-b89a-998d756ab7f9,P000104,3,4.40
0c8c8ab5-3ed1-55c5-b89a-998d756ab7f9,P000122,10,4.65
0c8c8ab5-3ed1-55c5-b89a-998d756ab7f9,P000103,12,3.85
0c8c8ab5-3ed1-55c5-b89a-998d756ab7f9,P000106,10,3.60
0c8c8ab5-3ed1-55c5-b89a-998d756ab7f9,P000094,4,3.25
c30eaa6c-6427-5736-b466-99317bce913e,P000097,1,4.10
c30eaa6c-6427-5736-b466-99317bce913e,P000087,2,4.50
c30eaa6c-6427-5736-b466-99317bce913e,P000132,3,4.80
c30eaa6c-6427-5736-b466-99317bce913e,P000103,3,3.85
c30eaa6c-6427-5736-b466-99317bce913e,P000122,1,4.65
bd6024c6-f2b7-552a-b640-b8546475302f,P000089,13,2.65
bd6024c6-f2b7-552a-b640-b8546475302f,P000092,13,3.60
bd6024c6-f2b7-552a-b640-b8546475302f,P000085,14,1.95
bd6024c6-f2b7-552a-b640-b8546475302f,P000101,10,3.40
337fb8ad-9b3e-504d-9b34-ed1f37c57eff,P000095,2,3.95
337fb8ad-9b3e-504d-9b34-ed1f37c57eff,P000108,3,2.50
337fb8ad-9b3e-504d-9b34-ed1f37c57eff,P000102,2,1.90
b3e1d37f-f1a2-5f6f-86f3-894ba6315a14,P000121,7,3.20
b3e1d37f-f1a2-5f6f-86f3-894ba6315a14,P000100,3,3.80
b3e1d37f-f1a2-5f6f-86f3-894ba6315a14,P000108,11,2.50
b3e1d37f-f1a2-5f6f-86f3-894ba6315a14,P000097,7,4.10
b3e1d37f-f1a2-5f6f-86f3-894ba6315a14,P000115,13,2.90
b863bda5-3cc3-58d2-8fcf-611fccf5f02d,P000093,6,4.75
b863bda5-3cc3-58d2-8fcf-611fccf5f02d,P000084,13,2.40
b863bda5-3cc3-58d2-8fcf-611fccf5f02d,P000101,5,3.40
b863bda5-3cc3-58d2-8fcf-611fccf5f02d,P000129,5,4.10
b863bda5-3cc3-58d2-8fcf-611fccf5f02d,P000123,14,4.20
ba0708ca-8d0d-55f7-9e24-cb9b03bc5208,P000118,12,3.90
ba0708ca-8d0d-55f7-9e24-cb9b03bc5208,P000112,9,4.30
ba0708ca-8d0d-55f7-9e24-cb9b03bc5208,P000113,5,4.10
ba0708ca-8d0d-55f7-9e24-cb9b03bc5208,P000114,6,3.50
4930745d-791b-5501-bd48-d57c2a61cdce,P000090,2,3.70
4930745d-791b-5501-bd48-d57c2a61cdce,P000110,4,3.70
4930745d-791b-5501-bd48-d57c2a61cdce,P000133,3,2.20
4930745d-791b-5501-bd48-d57c2a61cdce,P000138,4,2.90
3de9e3bd-5fdf-511d-bd5c-980f2613e8aa,P000090,5,3.70
3de9e3bd-5fdf-511d-bd5c-980f2613e8aa,P000142,2,2.75
3de9e3bd-5fdf-511d-bd5c-980f2613e8aa,P000137,1,3.80
db765d4c-bf3d-53a0-af80-eaf244f6b794,P000128,14,3.95
db765d4c-bf3d-53a0-af80-eaf244f6b794,P000140,9,12.00
db765d4c-bf3d-53a0-af80-eaf244f6b794,P000102,9,1.90
db765d4c-bf3d-53a0-af80-eaf244f6b794,P000124,14,2.85
dd2618c6-5daf-57a2-a984-5db3a7027ed2,P000136,9,2.95
dd2618c6-5daf-57a2-a984-5db3a7027ed2,P000124,8,2.85
dd2618c6-5daf-57a2-a984-5db3a7027ed2,P000129,9,4.10
dd2618c6-5daf-57a2-a984-5db3a7027ed2,P000131,5,3.45
dd2618c6-5daf-57a2-a984-5db3a7027ed2,P000125,4,3.50
dd2618c6-5daf-57a2-a984-5db3a7027ed2,P000113,12,4.10
dd4ff251-6b21-57d0-91c8-f2934f42ffcf,P000139,11,4.75
dd4ff251-6b21-57d0-91c8-f2934f42ffcf,P000085,14,1.95
dd4ff251-6b21-57d0-91c8-f2934f42ffcf,P000110,12,3.70
dd4ff251-6b21-57d0-91c8-f2934f42ffcf,P000123,10,4.20
dd4ff251-6b21-57d0-91c8-f2934f42ffcf,P000098,15,5.50
b6855f77-ef6e-5ab1-b9c1-fbc1fe40de59,P000083,10,2.80
b6855f77-ef6e-5ab1-b9c1-fbc1fe40de59,P000092,10,3.60
b6855f77-ef6e-5ab1-b9c1-fbc1fe40de59,P000135,8,4.55
b6855f77-ef6e-5ab1-b9c1-fbc1fe40de59,P000087,9,4.50
b6855f77-ef6e-5ab1-b9c1-fbc1fe40de59,P000128,3,3.95
90e8c02f-7162-5fb4-9a17-673f4302ce17,P000096,4,2.20
90e8c02f-7162-5fb4-9a17-673f4302ce17,P000089,8,2.65
90e8c02f-7162-5fb4-9a17-673f4302ce17,P000141,12,4.30
90e8c02f-7162-5fb4-9a17-673f4302ce17,P000128,5,3.95
38b367fb-8835-56b3-83dc-5da43f3a23ee,P000117,5,4.35
38b367fb-8835-56b3-83dc-5da43f3a23ee,P000102,6,1.90
38b367fb-8835-56b3-83dc-5da43f3a23ee,P000093,4,4.75
f8a9ed42-5738-5f68-b4bf-42169154cb5e,P000100,10,3.80
f8a9ed42-5738-5f68-b4bf-42169154cb5e,P000108,12,2.50
f8a9ed42-5738-5f68-b4bf-42169154cb5e,P000125,7,3.50
cdd3ce89-2017-5031-8c16-8f35868d7e51,P000136,13,2.95
cdd3ce89-2017-5031-8c16-8f35868d7e51,P000110,5,3.70
cdd3ce89-2017-5031-8c16-8f35868d7e51,P000094,3,3.25
cdd3ce89-2017-5031-8c16-8f35868d7e51,P000127,10,4.40
cdd3ce89-2017-5031-8c16-8f35868d7e51,P000108,15,2.50
cdd3ce89-2017-5031-8c16-8f35868d7e51,P000124,8,2.85
01114d8f-4c3d-5626-95d2-56813097ecec,P000104,6,4.40
01114d8f-4c3d-5626-95d2-56813097ecec,P000115,14,2.90
01114d8f-4c3d-5626-95d2-56813097ecec,P000109,9,3.10
01114d8f-4c3d-5626-95d2-56813097ecec,P000101,6,3.40
e5eddce5-9e2d-5015-8f6a-c8d231990807,P000122,1,4.65
e5eddce5-9e2d-5015-8f6a-c8d231990807,P000096,5,2.20
77b50b3d-2447-5bcd-b3e0-83b553dd2c01,P000137,10,3.80
77b50b3d-2447-5bcd-b3e0-83b553dd2c01,P000114,5,3.50
77b50b3d-2447-5bcd-b3e0-83b553dd2c01,P000084,10,2.40
77b50b3d-2447-5bcd-b3e0-83b553dd2c01,P000111,7,4.60
559d6e9b-72ac-5b6a-98ac-6bebf851f830,P000116,15,3.80
559d6e9b-72ac-5b6a-98ac-6bebf851f830,P000092,11,3.60
559d6e9b-72ac-5b6a-98ac-6bebf851f830,P000100,12,3.80
559d6e9b-72ac-5b6a-98ac-6bebf851f830,P000101,14,3.40
559d6e9b-72ac-5b6a-98ac-6bebf851f830,P000129,6,4.10
250eeeda-41f7-5382-a273-1ec646e59c30,P000109,13,3.10
250eeeda-41f7-5382-a273-1ec646e59c30,P000098,14,5.50
250eeeda-41f7-5382-a273-1ec646e59c30,P000092,13,3.60
250eeeda-41f7-5382-a273-1ec646e59c30,P000122,12,4.65
5e7cdfa1-0826-50f2-bd83-411b30d05e9c,P000104,5,4.40
5e7cdfa1-0826-50f2-bd83-411b30d05e9c,P000100,6,3.80
5e7cdfa1-0826-50f2-bd83-411b30d05e9c,P000092,7,3.60
a34741c7-9fe9-5451-ba7d-d85c0c47d8a4,P000113,13,4.10
a34741c7-9fe9-5451-ba7d-d85c0c47d8a4,P000084,12,2.40
a34741c7-9fe9-5451-ba7d-d85c0c47d8a4,P000121,10,3.20
a34741c7-9fe9-5451-ba7d-d85c0c47d8a4,P000120,9,2.60
3127897e-0886-5ed5-a867-c0718365ebfd,P000125,3,3.50
3127897e-0886-5ed5-a867-c0718365ebfd,P000095,2,3.95
3127897e-0886-5ed5-a867-c0718365ebfd,P000124,1,2.85
f9dba12c-4587-5943-bd09-fcdb6dcaa881,P000126,14,2.70
f9dba12c-4587-5943-bd09-fcdb6dcaa881,P000091,4,2.75
f9dba12c-4587-5943-bd09-fcdb6dcaa881,P000106,3,3.60
f9dba12c-4587-5943-bd09-fcdb6dcaa881,P000129,3,4.10
f9dba12c-4587-5943-bd09-fcdb6dcaa881,P000096,5,2.20
f9dba12c-4587-5943-bd09-fcdb6dcaa881,P000136,13,2.95
c7cce9d8-e658-56de-be94-d2a0373e44c1,P000109,13,3.10
c7cce9d8-e658-56de-be94-d2a0373e44c1,P000098,6,5.50
c7cce9d8-e658-56de-be94-d2a0373e44c1,P000127,14,4.40
c7cce9d8-e658-56de-be94-d2a0373e44c1,P000108,10,2.50
29dac80e-acc4-5a24-a13c-f56d11ee1102,P000132,13,4.80
29dac80e-acc4-5a24-a13c-f56d11ee1102,P000102,10,1.90
29dac80e-acc4-5a24-a13c-f56d11ee1102,P000091,4,2.75
29dac80e-acc4-5a24-a13c-f56d11ee1102,P000088,4,4.80
29dac80e-acc4-5a24-a13c-f56d11ee1102,P000112,13,4.30
29dac80e-acc4-5a24-a13c-f56d11ee1102,P000085,11,1.95
745280c9-9541-54b1-9681-743ba73a9635,P000138,9,2.90
745280c9-9541-54b1-9681-743ba73a9635,P000126,12,2.70
745280c9-9541-54b1-9681-743ba73a9635,P000120,10,2.60
745280c9-9541-54b1-9681-743ba73a9635,P000116,6,3.80
38435401-2323-5609-9388-8c80de765d91,P000108,2,2.50
38435401-2323-5609-9388-8c80de765d91,P000127,3,4.40
c7b27fc3-874a-553c-a522-964cead6a114,P000134,14,4.25
c7b27fc3-874a-553c-a522-964cead6a114,P000092,10,3.60
c7b27fc3-874a-553c-a522-964cead6a114,P000130,7,3.30
