order_id,customer_id,order_date,total_amount
05798335-e85c-531d-9ff9-cf22dea94bcd,C000026,2026-01-10,101.40
96f8a340-6738-5815-95ab-b5dff494e069,C000061,2026-01-10,149.10
4298af92-23a4-586b-bec4-2c0fd6879726,C000038,2026-01-10,4.25
55c7598a-881f-56db-b345-3bdb0916c77d,C000053,2026-01-10,51.50
e0e70520-5e51-5805-b79f-36bd9b9f4df0,C000044,2026-01-11,33.05
551c7799-b95f-5e3a-a1bc-60a44cb1797e,C000072,2026-01-11,202.25
84fc3815-ccb3-54a1-87fe-802455bbf2af,C000081,2026-01-11,212.50
76b3d718-d40b-57e3-906e-2b1b295639e5,C000005,2026-01-11,88.40
b1c0c1d1-1880-50b6-a35d-756a91e37d77,C000024,2026-01-11,85.40
55b27b47-a173-5ea5-ba2b-dcfc59a23338,C000041,2026-01-11,207.60
2dc8c844-3f4c-5b9f-8d92-d67c66dc59f4,C000067,2026-01-12,100.70
d562aad3-4693-5001-9854-9f198b67b1b1,C000056,2026-01-12,175.50
28054a0e-0254-5944-81d1-4fa960df5256,C000060,2026-01-12,154.20
1fe1fd76-334e-5257-91ed-5489eb0bf398,C000004,2026-01-12,19.50
3db1feb5-f451-522d-882e-804497f90601,C000015,2026-01-12,137.80
c6415f96-f706-5996-83ca-53cd2f72c33a,C000058,2026-01-12,23.40
4b9bb77c-cea2-5ffc-80b8-e8d0afbfc748,C000030,2026-01-12,74.20
71786362-aba6-5e67-9846-0f4a6b262406,C000069,2026-01-13,33.55
3bbfdded-e762-51ce-bae8-0f8262d30a00,C000054,2026-01-13,30.95
2aa26e39-7da5-5e03-9b86-d0922878d78f,C000007,2026-01-13,160.20
ecf83fbf-f925-5585-b586-d2b3b450edfc,C000068,2026-01-13,25.70
c7631a53-1fa5-5c59-afc4-c5f2656f86e1,C000047,2026-01-13,90.30
4fe6b9a0-e50e-5a55-bfb7-75093a180132,C000075,2026-01-13,90.05
be272ae4-ece3-56ca-a64c-f4a50af5838d,C000025,2026-01-14,91.30
86b0ad33-1b85-561e-bb63-131b7f1b09af,C000012,2026-01-14,136.60
b8bedb15-0ac5-5b42-a1a2-39305099dfa5,C000019,2026-01-14,35.20
987e0b31-4b26-53e2-8b86-4d8f0858c849,C000051,2026-01-14,139.70
d478d5cd-7614-585b-a9ff-95c813fea193,C000071,2026-01-15,102.55
73926f5d-93cc-5c1d-8aa4-5535501bab97,C000065,2026-01-15,176.10
243d2fd8-dc1a-541b-90c0-501455838492,C000035,2026-01-15,141.55
290272f2-5035-553d-a184-52b26082efbd,C000048,2026-01-15,26.70
e981c814-a890-552d-8bdd-43a779fca179,C000040,2026-01-15,88.70
3367bca1-9d52-5d26-b6e7-247a3ee5599f,C000073,2026-01-16,15.00
9db78ec3-2fec-5b6f-ad60-1fb159b0683e,C000082,2026-01-16,128.20
d7d8fbd4-e818-57ea-8640-2b694a3d3fa7,C000057,2026-01-16,139.95
319ba046-56a6-5578-9559-8fbf650b3a5a,C000050,2026-01-17,166.30
b50ea716-5969-5e1a-8d30-ab505442a67d,C000035,2026-01-17,133.20
563a1f4a-a86c-5d51-94ad-5f63c382ff02,C000067,2026-01-17,129.35
6fe7aff0-3d53-56a4-ba94-0b4fd314b603,C000054,2026-01-17,51.90
25b86c14-5d80-5278-905c-9373013681d6,C000070,2026-01-18,97.50
4b3f2b19-f807-5592-a5b1-6067413222f4,C000027,2026-01-18,120.50
0b33431c-4539-5ab2-8272-161e2000b859,C000003,2026-01-18,28.90
7bc607f1-32b5-5aac-840c-5b0e895d5740,C000032,2026-01-18,187.40
7e1a185b-af72-56ed-b21e-424115f48392,C000037,2026-01-18,158.40
e28c9360-8980-5d89-b065-f189d41085ce,C000058,2026-01-18,21.90
0997e70e-a5ef-5550-a73e-68dc92f71d68,C000045,2026-01-19,146.70
d04252f5-f964-5687-a0db-8b439d8f7997,C000016,2026-01-19,118.50
6e255922-d885-58cc-a006-fa8f63010ce3,C000074,2026-01-19,46.70
c58d0998-6dd0-5da4-af5d-0b2a856fb1bb,C000055,2026-01-19,162.80
d8b4050e-c6c7-532c-bceb-016fa1b4ffa4,C000059,2026-01-19,51.40
f47c601c-45da-5185-8921-7cb0b5d6d1f8,C000072,2026-01-19,122.20
b2257300-36c9-53b9-bef2-440665c994d6,C000008,2026-01-20,13.10
b621fa73-9e74-5737-8404-afdb626df4ea,C000056,2026-01-20,132.45
4b93826c-aa8f-52b8-9184-8140aa28ea1f,C000077,2026-01-20,97.00
b443c9aa-65db-5834-84b2-0385b471175a,C000014,2026-01-20,46.60
d9546057-b2d2-5f55-9926-fe035d2b4e4a,C000073,2026-01-20,6.90
9ca3e843-71bd-57c8-962a-f7f8cb342e35,C000036,2026-01-20,136.70
774230eb-fa3f-5133-a236-bab375c5d85d,C000015,2026-01-21,133.25
a44b1714-be6a-5681-988c-e84cd87ae1d2,C000042,2026-01-21,126.15
c1d01567-90c4-5a43-8e3f-753fa7621e83,C000082,2026-01-21,122.30
68dca30c-0373-53a5-82a8-1deb47c357ad,C000022,2026-01-21,166.95
6b3ead6f-66e3-5e5a-81d8-3637f0bee0bc,C000066,2026-01-21,161.20
d928c949-54b9-5e05-aabd-4524936a6be0,C000071,2026-01-22,88.35
2a2d7a90-c258-53de-b3bb-69dc4cbdc3dc,C000019,2026-01-22,12.00
7adbb918-95dd-524c-8aae-176d9df8b78f,C000076,2026-01-22,104.95
d1b5fbdb-dd61-5300-9d13-e4af5122f51a,C000034,2026-01-22,73.15
e34f0900-f79b-5cef-abdf-83b24fc41305,C000046,2026-01-22,169.10
651c3892-7b1a-59d9-8dc8-6ecb91a875eb,C000079,2026-01-23,33.00
37e8c343-12e3-56e5-a961-85bbc1733248,C000061,2026-01-23,85.45
64078dca-84d5-582d-9fcb-42216d16793f,C000004,2026-01-23,80.95
8e69a5ac-39a9-5fff-a43a-3fad669f0965,C000025,2026-01-23,159.15
5c78a57e-5780-58ba-bf1c-562b57ac5df8,C000010,2026-01-24,154.75
2e5334c1-f159-5a40-a906-a8238ffbfde9,C000054,2026-01-24,21.70
88c919a2-8029-570f-9cfa-ec2c576ca4a6,C000047,2026-01-25,180.60
9c8c02b8-e634-58c3-bb35-27971e6f32fa,C000020,2026-01-25,107.55
b06c3cfc-e97c-5f4f-9213-8e9f2f3bdb2b,C000019,2026-01-25,34.95
d13d58a5-9bee-5379-a297-831124eb1368,C000027,2026-01-25,124.05
3111ea0f-f8bb-5985-a62c-adde0917c638,C000078,2026-01-25,3.30
725b3f13-6245-50be-ac22-82f17af1eb71,C000069,2026-01-26,19.75
dd102fc0-88e4-5ec3-881e-de1294735d24,C000065,2026-01-26,167.15
aaaeca38-7f1e-56e3-a5d9-935c5b318aa9,C000044,2026-01-27,20.60
fa05e165-70ed-5fa4-84c4-5596db6072ae,C000061,2026-01-27,123.85
b8b3aaf5-06a9-51cc-888d-63eadd40c756,C000048,2026-01-28,19.15
6315dc5a-c8a5-5a36-b626-905eb969b437,C000032,2026-01-28,108.80
cdae6ce5-a20c-5c61-bb59-d0263a697c52,C000062,2026-01-28,152.10
0f9717d4-7a77-5648-9395-e0fd99976033,C000043,2026-01-29,2.95
ad735de0-359d-5159-81b4-9cfb624f9017,C000056,2026-01-29,104.10
d8d851d4-6014-52a0-8326-18f270129fad,C000064,2026-01-29,33.00
150070c7-172d-5ee7-b9fd-9bafafb373d8,C000079,2026-01-29,60.00
d8ab14f2-673e-50ce-b3be-615fd429124a,C000040,2026-01-29,65.20
4e16bcab-81cd-5979-a1a3-08076acd2d17,C000015,2026-01-29,101.80
83d9748f-1dc0-5da5-aa80-74d33905ba35,C000013,2026-01-29,2.70
7b21aebb-c4bb-5a36-9421-ca29e36a2e9e,C000024,2026-01-29,7.90
925faeea-081d-5e20-8996-1839eb57ef10,C000025,2026-01-29,150.65
4ab1260f-aded-5f4a-a828-74583cd66e3a,C000067,2026-01-29,130.50
0c028fa4-93ec-58d0-8de7-42d8dce26dc1,C000055,2026-01-30,130.10
4ea7f965-11d2-54df-812d-893d804cb1fa,C000026,2026-01-30,171.60
a64b1361-3e7b-57b2-ad51-6c1d07344e1e,C000017,2026-01-30,64.40
f0aa9f19-85cc-5edd-858c-a737ca679cb4,C000046,2026-01-30,127.85
2308c36e-b525-54c5-8826-b46cb03c530d,C000045,2026-01-30,91.95
4dd85bc2-b97f-51f4-80ae-77ed67dc33be,C000023,2026-01-30,24.10
c67dee9a-5593-571f-bd7d-ac0a7254127b,C000059,2026-01-30,59.85
52fa5927-9f1f-57b5-9575-04386498d665,C000014,2026-01-31,25.85
0ab4b0e7-a4db-5652-906a-0f061b5aa2a8,C000009,2026-01-31,22.15
98f7322e-7caa-56be-8788-61d865c5a13f,C000030,2026-01-31,175.85
ff5b0dba-029c-5550-99ff-0f22959a941b,C000022,2026-01-31,141.05
c73de8a7-8a13-56d3-b4ed-9548368f3e53,C000073,2026-01-31,20.75
19f97720-7d89-5951-99b3-f33496c06173,C000023,2026-02-01,10.95
33b7b4a7-0c04-5f23-935c-654ec4368153,C000043,2026-02-01,4.80
f2ae2ccb-eda0-5733-b47c-a82b87c2246d,C000062,2026-02-01,123.80
74f4188a-aae6-54f2-8a63-c634c099098b,C000076,2026-02-01,315.80
4d02b748-09b3-540c-aa2d-00b724b065b6,C000053,2026-02-01,23.75
36980871-02a9-55f0-9901-eb82fed7000f,C000064,2026-02-01,39.00
17067238-fc6e-50ac-9e52-c31cc718a8e0,C000003,2026-02-01,8.40
31620482-20e2-50ea-9dc0-9d9723385285,C000024,2026-02-02,48.75
032cd9d7-b81c-530e-80f8-7bd60177466b,C000071,2026-02-02,234.95
86303ccb-fa4b-5d36-8f51-9dff37b349c7,C000049,2026-02-02,59.55
d8d16c34-54f9-5252-bac1-24588ad1a7bb,C000031,2026-02-02,166.55
7befdb3e-b10c-58f3-af17-53082513301f,C000011,2026-02-03,198.45
c159bd71-e82c-5bf4-b0be-2bab238006fa,C000033,2026-02-03,7.20
375fda60-5c34-51a0-8885-08e1df2d3892,C000027,2026-02-03,143.95
c3fdc157-4e95-56cf-872e-561a890f4730,C000061,2026-02-04,136.30
2e3976e7-fe48-5237-a9e6-a41ee04a318f,C000054,2026-02-04,14.60
644e39ef-698e-53e1-a99e-8fffc95b9772,C000017,2026-02-04,137.25
3b59d2c5-6d7c-59b3-bc00-e3b962dcdfb2,C000059,2026-02-05,43.90
c0d42c75-144b-58a9-8c56-88ac50619926,C000057,2026-02-05,253.45
ec45cdd8-96b2-5d1c-9b47-851e50d48ceb,C000034,2026-02-05,18.85
2a799eb2-2b1c-5b0b-b390-f8def51d8bef,C000082,2026-02-05,153.70
cbfc5e16-3e2b-57df-9dcd-8823e967e8e7,C000015,2026-02-05,138.80
77d795fa-2d83-5961-9868-6e24e8402eb7,C000078,2026-02-06,18.60
71ea6827-7357-5d67-a8e7-0eec27fcd903,C000026,2026-02-06,128.60
db51c872-ec72-5b2a-86d6-a12e12f6dd36,C000063,2026-02-07,12.00
d9ec8e7f-4f22-56d3-82a4-635df21fbff6,C000052,2026-02-07,95.10
05cb0f9a-acf2-5d9e-84b5-422796b905bd,C000036,2026-02-08,159.90
b06ea38f-8c1b-5c71-8b6d-d9915b0b4f06,C000074,2026-02-08,74.20
d25eab19-590f-5da7-a9fa-5614375e22a7,C000032,2026-02-08,67.15
275adb66-7b2a-5f7f-a4b2-320d6970a72e,C000008,2026-02-08,8.70
bfef34e2-c178-5c53-90ac-8793abbc128c,C000051,2026-02-08,184.00
a9c7afe5-4030-596c-a0d0-2a7cdc9bc427,C000047,2026-02-08,192.35
55de0c48-244a-5a6d-9367-12ef3b30dede,C000059,2026-02-09,27.75
3d94ce03-2951-508e-9ecf-7742ed3b7c7d,C000076,2026-02-09,162.15
175f9c8c-5f22-5b28-8db5-9245e151e71f,C000034,2026-02-09,45.05
e59a13a0-c291-5732-8f01-3b1fd753ab75,C000035,2026-02-09,104.45
b7ec6d8a-d119-54af-9dc3-45e94b83a75c,C000082,2026-02-09,138.00
f8536986-e164-55d7-b0f4-6451bbdc6b3a,C000048,2026-02-09,9.55
dbb90a48-13f9-5170-a6f8-4ece745bc0f7,C000029,2026-02-09,33.25
98be3f9c-b1f2-5c91-b949-4a83f34c585c,C000019,2026-02-10,29.90
94652763-f184-5234-969f-42c6b1ec9ffc,C000003,2026-02-10,20.10
4a56224e-85fd-558e-b666-4e05f795940d,C000025,2026-02-11,149.00
2523d2db-5004-5c01-b499-f144e6e76433,C000024,2026-02-11,51.60
aae59438-a27a-5452-8b17-8b78e8bd1ca9,C000026,2026-02-12,147.80
e2bedf66-4210-5c66-98d2-89219c186f78,C000039,2026-02-12,40.80
2e60c4e7-c02b-5af3-8505-8b095a0ba208,C000065,2026-02-12,136.70
5ff62193-87fc-59b3-90f4-f9844e05a4e5,C000054,2026-02-13,42.65
fd0fa966-15e7-5aa7-8929-fa54b8bc53c3,C000081,2026-02-13,256.90
4b375c7c-1145-533c-8664-5ee23bf1de55,C000078,2026-02-13,15.30
282e18a9-7dae-539d-8060-b914651a529e,C000061,2026-02-14,322.75
56c0249b-2314-5fe8-9045-027dd0b3f797,C000037,2026-02-14,100.35
9c9508ef-c36b-5ed0-af2c-ca2073a1546d,C000056,2026-02-14,202.35
ff128d68-bd13-5837-8d3f-a3bc3831a8ae,C000064,2026-02-14,18.60
1a01af45-b701-5511-9a78-b751071c85f0,C000012,2026-02-14,117.00
23a54ef0-9064-55e5-b6b5-d865e6890ede,C000020,2026-02-14,109.35
1f7be60b-46a7-52e7-ba9b-dfbf82bf2a08,C000071,2026-02-15,178.10
d5f3466c-8092-5bba-aa58-054ea50a2fe6,C000070,2026-02-15,145.20
026e78ba-c577-50c9-a01c-eb42d9650123,C000081,2026-02-16,295.40
00193f34-dc6e-50c5-bae2-821ad2dbf8e6,C000052,2026-02-16,201.70
d6dcb73c-d545-5a3f-b7f7-83b48a71bcfb,C000050,2026-02-16,126.45
b744cdb7-8231-543d-98c4-847d5d872e8f,C000069,2026-02-16,20.20
3eb7d606-8a01-5f6f-a492-3da80e62b386,C000043,2026-02-17,6.40
933d0166-32c4-5975-8363-5a68f2706686,C000065,2026-02-17,160.35
7ef610b8-fbff-55f7-843f-3384ffd5fee8,C000045,2026-02-17,178.70
33a2c126-fb56-57a4-b9de-585e19ed4ad2,C000046,2026-02-17,161.00
4f1ec115-207f-52e1-8be0-ba72693e57f4,C000076,2026-02-18,162.65
743a624a-6ab9-5a8f-9a34-266d305d7da3,C000038,2026-02-18,21.65
0b305269-b9d0-5980-b9f1-80245c99aab6,C000014,2026-02-18,31.40
ea85f6b2-0385-5a30-b059-e05ccf07e5b4,C000036,2026-02-18,159.50
c4153d36-f787-5592-868a-2e482d6be863,C000080,2026-02-18,80.30
b12c99a4-4df8-50b7-9a60-74c96eb2235e,C000066,2026-02-18,313.35
5575f5ae-29c6-5893-b4bd-1d006b1cac1d,C000003,2026-02-18,23.40
3132e14d-a746-5155-b115-5114293e5bbc,C000009,2026-02-18,69.65
1c405f70-6e4e-53c2-a4c5-1d291b1dd1e3,C000008,2026-02-19,9.60
8ea03f16-edc1-560c-adac-3ae3252c23a7,C000029,2026-02-19,21.55
9a2f158f-7fe0-568a-93c1-a1b4ea07bea2,C000067,2026-02-20,206.60
3b3f8795-7b09-5120-b891-996ba27c1e1f,C000032,2026-02-20,132.70
bc35abcf-ded0-5641-b31f-943d9f0fdbc5,C000018,2026-02-20,28.05
dbb0c500-32a0-58ad-bc1f-0e7c8addbb3d,C000006,2026-02-20,197.50
28001e85-9736-592a-9e50-d5f2b1beef8a,C000069,2026-02-21,12.80
c75312ba-a410-5a4e-986e-701518108f19,C000024,2026-02-21,11.80
5eefa73f-af7d-5023-8571-3191a1bc36f6,C000034,2026-02-21,28.85
2c3f8679-87e7-56ec-9c41-0b434a9f4eff,C000074,2026-02-21,52.65
cae75809-9f2f-5e27-bcd2-c0464f0c52d5,C000047,2026-02-22,99.60
ddcc796a-c886-5c1a-b816-67f826ea6683,C000059,2026-02-22,26.25
3d52f96d-8b4c-5ade-946b-7a87a326a39b,C000041,2026-02-22,107.60
ac5d120f-f12d-509a-bad1-42165176ef6b,C000021,2026-02-22,56.55
00a77fd7-f55c-5d3e-9dd6-faf2cd31c477,C000055,2026-02-23,86.45
c8272cb2-b9b8-5403-bbca-ff5906cb89ea,C000082,2026-02-23,124.70
83dafcaa-4d62-5d2e-838f-b4c711acee01,C000076,2026-02-23,135.50
35fecd97-46bc-5d1b-8b8b-90876bfa0fa2,C000077,2026-02-23,85.95
806e478b-8dd7-5624-af0b-114b5c01b845,C000063,2026-02-23,19.05
04a7172c-c0ec-5b6f-97f8-ac7c7519ec5a,C000050,2026-02-24,254.70
6ef7e3a5-266a-5278-b01e-a670c3b604cf,C000051,2026-02-24,100.10
8b9456ed-c0d7-59b2-befe-ae9e3b7d46a7,C000011,2026-02-24,170.85
d2f5753d-f7a6-563f-827b-f04a4e228943,C000010,2026-02-24,171.55
26c85a18-d30f-507d-96b8-493de2c7c62c,C000029,2026-02-24,19.60
5728e831-4ee6-5262-b2c4-fa36ad15152b,C000026,2026-02-25,211.00
bae22413-7d4a-50de-ab83-f53fcef647ac,C000057,2026-02-25,123.10
d054b134-a63f-59d6-a543-40f4e92447ba,C000049,2026-02-26,25.95
29a6094e-86e5-5f05-beb3-f5b395602f28,C000032,2026-02-26,111.35
798f8926-fff0-5dd9-91ba-28b955c2ed25,C000005,2026-02-26,112.60
c797edd9-52fb-5dff-9da9-410b70b9fdab,C000017,2026-02-26,155.75
7c91acbc-a4ca-5041-9e43-3ba8e7bf9884,C000039,2026-02-26,32.70
9a356815-3003-5f9d-ae6c-d52a69c56ac7,C000033,2026-02-26,21.60
4b885276-170f-5104-8ad5-9adf9bd8155e,C000071,2026-02-26,75.20
da1f8a39-f53b-57c5-8ec5-2530f7d25a31,C000040,2026-02-26,174.40
58a94c6e-1f15-5be3-98c1-fde25c415485,C000022,2026-02-27,169.20
741cd079-a208-52b0-b84e-a1d0f0e3e5fc,C000014,2026-02-27,41.05
112f795c-f1e8-5426-bb79-d742a42dfa9e,C000065,2026-02-27,91.90
a609790c-edfa-5b0e-a37a-005cd158c633,C000046,2026-02-27,67.35
8da77222-f1fc-545d-8b16-2242d04095bd,C000037,2026-02-28,124.20
edf83493-7389-5c18-b3d9-b129a40840d7,C000026,2026-02-28,175.50
61e3891e-36ba-5a86-908b-1c5c19cd629d,C000008,2026-02-28,2.90
3bed48ce-0be0-523a-bff4-b31872f4680a,C000021,2026-02-28,143.95
35dccef0-a9cf-501a-b173-e7767ff900fb,C000044,2026-02-28,79.50
394012e6-fe8d-5c7f-a2aa-872623780f8c,C000078,2026-02-28,11.10
be34cd02-53a7-58ea-8580-e90abf10a97b,C000011,2026-02-28,212.70
23663b04-f577-581f-9031-8b6ddd90fc3d,C000005,2026-03-01,136.00
9ea8b8d7-1b4c-52dd-b7ea-cacfd14924db,C000039,2026-03-01,47.70
403ce97c-b745-51a0-8b77-62e4601ebc3f,C000033,2026-03-02,10.35
fe92aca3-f9f7-5f4b-b2a8-76dbe10bfec1,C000079,2026-03-02,38.20
8c47e287-3c25-5193-a71a-656c969ff923,C000006,2026-03-02,231.80
b6fe2d1f-10f1-511d-a156-19011ddebee7,C000009,2026-03-03,32.00
6a829722-d8f9-5435-a09e-789f493f3b2f,C000081,2026-03-03,184.35
bb912dbb-1ff9-51b3-907e-d4635260e62e,C000063,2026-03-03,12.00
d32e3bab-fd3f-59e2-b904-2f6f481c0345,C000040,2026-03-03,85.40
2d7e29a3-e242-5275-9007-590db82dd3d8,C000080,2026-03-03,174.60
3fd53c29-ebb9-5040-93b3-3eb8cbb685f2,C000023,2026-03-03,16.45
cff671f8-e2b9-5d1a-a190-9e001b8b1b89,C000048,2026-03-03,9.25
47a1c1e2-0e3d-5cd9-ba38-c26b2f1ed1a7,C000067,2026-03-03,121.20
53034fff-9db5-5e67-ad8c-79add1ccc635,C000071,2026-03-04,162.10
aa98d3c9-8531-527e-8b7b-140c0ff9ff20,C000015,2026-03-04,125.50
801951e1-ada2-56ab-8504-3be16655c07f,C000014,2026-03-04,66.05
be86b62f-f187-58ca-88ef-928004c0cc88,C000054,2026-03-04,32.45
90eebd7a-7fb7-5018-99a9-ddb0990dffb2,C000069,2026-03-05,30.10
202c56c4-08da-5bd2-8826-850dac6db565,C000057,2026-03-05,145.45
0be94dbe-e281-5c58-8b31-9cb1a6b91a8b,C000065,2026-03-05,212.95
24c0ce05-b696-5290-90bc-cddc0b3a138a,C000061,2026-03-06,179.05
55df3095-d8e2-5264-aa51-01af5c406512,C000045,2026-03-06,123.05
b9f10b22-da06-524e-9dfb-b08372999ee3,C000068,2026-03-06,5.70
4b84e612-cccf-5df7-9891-305cb7e2fac5,C000037,2026-03-07,154.90
07375b3d-71c9-5289-ad4b-46806027a0e5,C000006,2026-03-07,83.80
a47a02f4-2b75-5327-a160-144f9dbce6b9,C000016,2026-03-08,84.70
c6fbf71b-df8d-5943-863a-4a1923ec1cbd,C000017,2026-03-09,70.15
e3772c4c-e7cd-5d50-9b62-79bf242886ec,C000066,2026-03-09,95.10
a0fa6ab7-00bb-53df-acb2-7e688007e325,C000039,2026-03-10,25.80
fd1a61f7-a023-561d-80f7-ac0c3616e1c7,C000024,2026-03-10,33.20
27f3ca36-fdd1-5c7d-aa51-36f4d5ff0d71,C000044,2026-03-10,66.70
7dc5efb4-f4db-5c6d-81f8-81938d6344b2,C000071,2026-03-10,78.15
4fdc7949-968d-578e-a7e1-64e6e0475203,C000074,2026-03-11,37.20
fe660a59-133f-5751-8054-6938b21f93a2,C000010,2026-03-12,79.50
22dc0d82-552a-530f-9a85-b456db80f014,C000043,2026-03-12,18.50
e1cebec6-e174-590e-aa80-342f0b15f155,C000041,2026-03-12,97.00
6285fb4d-419f-5bbe-a01b-01dd8d5a3552,C000056,2026-03-12,177.40
258c8acf-1270-5e81-8f5d-06fb01afbf95,C000029,2026-03-12,27.00
52ec0d6f-913d-52d5-a76a-c4d1f764023a,C000026,2026-03-12,89.25
1c6d9d16-3976-54e3-be4f-f29c61d9a610,C000027,2026-03-13,119.40
88761396-0b3c-5f14-bb64-e29335bf17c8,C000036,2026-03-13,198.95
7a761468-612f-521b-ac91-e6c2e6017aad,C000007,2026-03-13,104.25
ba7361fc-c5d4-5bce-a9f4-5993ca6e0265,C000065,2026-03-13,67.00
d15c153f-4862-5af9-9fc5-18f4c4d4544c,C000080,2026-03-13,87.05
be4b04f7-538e-5119-998e-fc010e8ea172,C000055,2026-03-14,111.00
e63ac329-9a1c-5912-aae2-d42897029b35,C000035,2026-03-14,156.70
bdb84fc6-0331-59cb-9525-718e98756156,C000079,2026-03-14,52.70
18c4051a-b495-5a3d-accf-7718f6c724b1,C000034,2026-03-14,21.15
7196dcf8-32a5-5fcb-941c-956c530a4735,C000004,2026-03-15,18.90
ca98895b-597e-5316-9243-e68cfc9e265e,C000045,2026-03-15,122.60
47c72e7f-dfd2-5f3a-aa44-b93874e0ba25,C000040,2026-03-15,80.20
f09fd4fc-10c2-53e1-b178-b16caec83b56,C000026,2026-03-15,208.90
0e1ebd44-e500-5b64-bf09-d559fa0c04e6,C000066,2026-03-15,49.55
b64cde2e-58bd-50c9-a2d6-a4e5513005ec,C000069,2026-03-15,33.50
0cb65722-39e7-5e5f-a6bd-fd87f261c2f4,C000005,2026-03-17,103.50
1b31fd5c-79ac-560b-8dea-1f9bdd3c1e12,C000041,2026-03-17,109.20
10fe7a1c-631e-5831-9baa-375f42166a01,C000018,2026-03-17,20.55
60d82ce8-eb51-5fb0-9c1f-cd70b1870b0b,C000072,2026-03-17,126.30
e4a5041e-aea3-57f1-900e-9a9facba69bb,C000081,2026-03-18,136.25
2b295d35-7d21-594d-b024-80774d2b3502,C000052,2026-03-18,70.25
34f348b1-f960-5177-b712-cc1f0524b2c9,C000062,2026-03-18,133.50
3325e102-60eb-5d23-96c7-3a7ffabdf6c1,C000071,2026-03-18,193.60
480449f5-70b0-526b-8325-82642f3aca05,C000051,2026-03-18,79.35
97c385ad-8e48-5535-b38e-f4dc5f21cb68,C000064,2026-03-18,35.10
5f7881e1-509d-5cc3-9bbd-f18b0d3b3a37,C000044,2026-03-19,63.70
2f8f46df-e565-55ed-8f03-f16be3d61e81,C000063,2026-03-19,20.75
8f4beaad-c1f0-5e8b-8c4f-71f292a894f2,C000073,2026-03-19,3.25
4461f74d-28b1-50d7-8953-7508780169cf,C000014,2026-03-20,74.00
9295596a-bcf6-509b-8d7c-3989f530ecd5,C000036,2026-03-20,86.75
5cd28a27-049a-5e5e-b8a3-2463df15667c,C000054,2026-03-20,20.00
797265b7-2b89-5442-bd8e-37a28e0edefb,C000033,2026-03-20,2.75
b8fbbf6d-3554-5319-9e3c-d9debccbb038,C000037,2026-03-20,91.80
3c5e14b3-e5ab-5cd5-9769-276abf6d649e,C000055,2026-03-21,127.85
aa31b39e-5834-5332-a112-d0870f200d38,C000034,2026-03-21,58.40
1c0c72c0-fc1a-5af7-93bd-4634ddd7981e,C000043,2026-03-21,26.70
aa1c86b7-9202-5c6d-8a44-b837daf52916,C000044,2026-03-22,29.80
5fbeabf5-2b59-5df2-b89f-4a12a2aa9f79,C000016,2026-03-22,148.20
4451956f-d3af-596e-93bc-4ed7a3b0ab66,C000006,2026-03-22,97.70
71a73d7f-ed71-5d24-8126-c8420d319061,C000059,2026-03-22,27.95
9238ddb6-1928-54b5-9582-63ac916381bc,C000037,2026-03-22,136.70
99833a9f-f040-5d36-a4eb-c35b6843829d,C000019,2026-03-23,45.90
c4420bdc-0c5d-54c4-a2bf-73cb83be7e62,C000042,2026-03-23,183.15
e7d2095a-ac63-5ce3-8a51-56b7790f82a1,C000058,2026-03-23,11.25
dd3c5015-dc8f-5420-847d-62a174313d14,C000046,2026-03-23,126.55
c5e6946e-340f-5afd-a6fd-ebe8d54ff319,C000070,2026-03-23,103.80
e30b4638-1328-5e56-b321-d023fc5938c6,C000036,2026-03-23,226.50
b8e8367a-de35-599c-b261-02c9317fec9f,C000074,2026-03-24,104.30
2b420ae9-bba3-5fc0-9267-c4fe449ecf6a,C000066,2026-03-24,157.15
0aeac239-6b92-5847-8b67-fc9efead9698,C000027,2026-03-24,97.45
e49ca7eb-7323-53ed-b9e8-ebd3758a10c5,C000078,2026-03-24,13.65
844de60c-7336-5596-8f5e-6bd44618d6d0,C000024,2026-03-24,34.90
a506d000-a8ce-56ab-b117-849e09b7b027,C000028,2026-03-24,27.65
41e23043-cfcd-5611-947a-7d0be42f0206,C000041,2026-03-24,68.95
6b9a531f-8162-5c51-8e68-85198c051532,C000020,2026-03-25,78.10
75ed52c7-98d3-5963-8578-75935c96c907,C000071,2026-03-25,101.15
0239fec3-3e97-561e-a1d3-11a502ee36d7,C000033,2026-03-25,17.40
524bf102-09db-574d-8c2d-6d19f5fdc385,C000081,2026-03-25,104.90
e971cf34-f487-56c2-89f3-c55e147f2526,C000007,2026-03-26,160.00
f9a1151e-7418-5efd-987c-75ac0e3de277,C000082,2026-03-26,138.80
b56ab743-4816-5595-8fa3-13f3e900c372,C000008,2026-03-26,10.30
5d3ca08a-2f5d-53e9-8b4f-8f635881f657,C000045,2026-03-27,137.80
ac3f8242-4fb1-5f1a-8c4e-237de0ef66a2,C000030,2026-03-27,194.75
4cdcbf70-fe75-5d4e-9bdb-16d352954bdf,C000071,2026-03-28,145.80
ec6507f1-3c69-56e6-a84d-735055308685,C000030,2026-03-28,83.80
76398074-4313-5a35-aff3-22ed29d22d54,C000075,2026-03-28,56.85
89b24369-aa6c-5887-8a63-5599854c667e,C000037,2026-03-28,297.25
00a2a03a-be5c-58dd-9180-967371cc018a,C000036,2026-03-28,132.05
846d41f2-99c5-5a7f-960d-696d0a057b35,C000053,2026-03-29,13.95
8e3cf97c-6bd1-5a70-9e94-73f8ca0d4ef9,C000041,2026-03-29,183.70
8b752174-e062-5715-97a3-35ffdd5f9684,C000061,2026-03-29,112.70
b7866b59-64cf-5c58-85fd-1fa8ef31103b,C000057,2026-03-29,177.45
ce29ef64-e251-5fdf-8140-282083b0c9ff,C000009,2026-03-29,35.00
dbf2bb07-efae-513c-a2d8-da6e323b82b9,C000024,2026-03-30,40.00
77245773-c069-528a-aa20-03604d7c58f7,C000034,2026-03-30,23.35
b07ba922-dd61-5762-b5ed-1f56fea265f9,C000012,2026-03-30,226.05
676f7944-56e2-599a-a495-0509f37576c6,C000015,2026-03-30,96.60
8705fc0b-3c78-5496-bfbf-fc745afdb72e,C000011,2026-03-30,69.80
8c140380-e82e-55a9-9e75-cd302b66fe8b,C000046,2026-03-31,124.65
5531bc24-7cae-5275-b1a7-9bd8f3301eea,C000020,2026-03-31,178.20
2912e3fd-d306-5295-a691-38275ba58d5e,C000051,2026-04-01,158.65
f54d67c1-8e87-59a9-8cb3-8a9d775478b1,C000003,2026-04-01,29.00
2f30a2fe-008e-5054-b814-3cf327a41581,C000006,2026-04-02,111.90
85d2fa10-570d-5595-a33e-ff65d2736900,C000007,2026-04-02,241.05
bd18dfc9-60fe-5244-b65a-e7dc43a14130,C000052,2026-04-02,78.95
255cc7a5-8a23-520c-a031-769075f950fb,C000025,2026-04-02,101.25
963cd415-e809-5a1b-a6ce-580525ed26ff,C000021,2026-04-02,252.20
8ad838dd-7e84-57ce-b2a9-adc4fc838672,C000032,2026-04-03,173.90
11646277-2d4e-544c-a336-5552ec2ca264,C000074,2026-04-03,67.60
5d879acb-df0d-5093-838f-1d03696ee498,C000067,2026-04-04,118.00
15c824e0-c26b-5244-904a-3390bf7d3212,C000011,2026-04-04,148.75
b6c98519-242f-5ce8-8537-a0c863ffae1b,C000080,2026-04-04,94.10
f3829f3f-08a0-5808-8fef-1d51e9ff81d1,C000046,2026-04-04,237.05
1dd4e4f0-e070-5406-8e27-a6cce1d78f8d,C000061,2026-04-05,41.50
647420a0-ac90-5512-b2f6-371ee1c73808,C000043,2026-04-05,30.25
08a56b97-4bff-5ade-b4bf-9ab395417d7e,C000012,2026-04-05,225.25
b9f17915-f091-5f1c-aaf6-fe1d1b858c06,C000025,2026-04-05,137.10
f26bdf58-6481-5292-acf1-91832a6731c3,C000005,2026-04-06,65.90
0414a379-8f0b-555b-a15e-9bb624222e5a,C000016,2026-04-06,142.50
216e5527-770f-582b-9bb7-73f413bb6548,C000054,2026-04-07,44.75
b740a29b-a858-59ca-b12f-265c862bb37d,C000003,2026-04-07,7.40
919dde42-69a1-504e-9cb2-375ae720427e,C000018,2026-04-07,13.20
cd2ef41f-5a20-5a1a-9bd0-a05d27513cf2,C000045,2026-04-07,223.20
3d61afbc-a775-519d-b53f-d1505bc4dda3,C000047,2026-04-07,206.80
96f7cf3c-93ee-51a9-8708-d473b17a03cb,C000072,2026-04-07,106.40
440fd7c9-11f8-57a2-85fb-e3915c4e1d10,C000051,2026-04-08,117.00
8458deca-558c-5b72-9b43-b0df3c3c9beb,C000037,2026-04-08,109.55
2fa7bd5f-4141-508b-9cd9-5cf1f1bfc750,C000064,2026-04-08,15.25
72986bda-6c2c-5c7a-a2d5-936689ca877e,C000020,2026-04-08,128.10
83df0dd7-5bc1-5ebc-a4b6-eb98eca739c9,C000029,2026-04-08,51.70
9c1ee4a7-3151-56d1-bd5d-d73418fa1196,C000058,2026-04-08,11.40
dc9a1892-f766-528c-9caf-ef897643a59f,C000079,2026-04-08,84.10
992729a6-0c1e-541b-b799-875c0063eaa5,C000036,2026-04-09,161.85
e26efbcb-78fb-5cca-9ccd-6364fdca63fb,C000010,2026-04-09,112.30
579f6c92-27b8-5623-9404-a166fdf59f1c,C000021,2026-04-09,117.55
d2565873-e0b5-5b16-86e7-a91f385ee209,C000013,2026-04-09,18.10
6202ea7b-f7b0-50a5-b947-9247b88c1017,C000063,2026-04-09,14.30
7518aaf5-df10-5296-842d-10d82b75dd3d,C000006,2026-04-09,100.20
51f06d94-b5f4-547a-b6d9-0c24358829ba,C000042,2026-04-10,145.60
a6efd21a-2ecd-5a80-8271-ddd75e8a643b,C000062,2026-04-10,117.30
affb2420-c2b0-5772-8660-f0475c1187bf,C000071,2026-04-10,139.95
40b83a3f-7723-5df1-bda3-c9ad25ee0e15,C000007,2026-04-10,223.40
c5e5cfca-04c0-542c-9e56-677776a10602,C000016,2026-04-11,352.75
61571230-a958-527b-adfb-c43c3d8c2a82,C000008,2026-04-11,18.70
41cec34a-6c71-5158-9a86-321dd1c91726,C000048,2026-04-11,19.20
8b083852-8471-5856-88b9-a96337a45185,C000037,2026-04-11,99.45
b3fb7c94-7802-52b4-96fc-cbea8d2ea526,C000071,2026-04-11,68.80
f7efebe5-e252-535e-a19e-56ba8e6f8e16,C000012,2026-04-11,133.35
59c11bbe-ad0e-5265-b72c-1a9449a106d0,C000003,2026-04-12,16.50
bfef2afc-2118-5d11-92b8-3b1fb15f56e0,C000028,2026-04-12,25.85
cd7d18d8-7651-5c39-b8f3-462f85612809,C000005,2026-04-13,260.40
f1794683-8cc6-52f4-b1a8-c3a51df5efd7,C000018,2026-04-13,7.80
410b3515-951c-5d70-8a81-3f0f72bfd78b,C000011,2026-04-13,186.40
f2533a38-7be0-53a7-9a19-45509f4f46ce,C000067,2026-04-13,168.65
bf0d9e5b-e18e-5bb0-8091-38658e7310b0,C000082,2026-04-14,143.10
0034fe18-92cf-56b5-ac0b-457a5f8fac7f,C000055,2026-04-14,76.90
b0418e33-7603-5018-9d02-a1b7ec9a85b8,C000080,2026-04-14,133.35
feaba4bd-903c-55ea-bd5d-16d0717e3673,C000020,2026-04-14,152.70
550e07b3-e23a-521b-9a33-4fa6e39c21b9,C000027,2026-04-14,128.20
fc5a8026-d242-58d6-8ac4-c9d8ae16eeae,C000024,2026-04-14,37.90
313a52e4-8826-5dd1-a99e-839927658668,C000066,2026-04-14,136.70
bc29dc45-1715-55bd-8f57-7e009be2d03e,C000053,2026-04-14,15.80
be683871-73f6-59e2-b50f-609b137a88b5,C000034,2026-04-14,32.20
26254b89-53de-5526-831a-23f0b8ce415e,C000046,2026-04-14,98.05
f66f3839-bab3-528a-8ff0-7abaaf6c789d,C000010,2026-04-15,163.70
67214f91-0819-5cde-84e2-f1d9d4145c7e,C000013,2026-04-15,12.65
8496ac45-d5e0-5f41-a378-ff4b6ac64339,C000032,2026-04-15,159.50
87284244-d3f5-5ebf-9062-b88791feb8cc,C000014,2026-04-15,21.00
0db36ba0-38b2-5220-9568-1fafd951f07a,C000072,2026-04-16,107.40
f2e586ab-d3a3-5fc5-bf54-a778425a017d,C000015,2026-04-16,97.25
2ebe041d-0431-56f5-849c-d9b546732718,C000064,2026-04-16,12.60
64aab9a8-6a89-57ab-aa02-66f71b09ba4e,C000007,2026-04-16,115.20
67c0024a-b8a5-5802-87c4-af3b49f79e0d,C000030,2026-04-16,136.10
156bf1c3-8231-5c5a-b8c1-1bd8b51f6e83,C000049,2026-04-16,57.90
63ed9bdc-851a-5cea-b054-2c8f05f2463d,C000054,2026-04-16,87.00
d8580d87-4846-5427-8f57-f3e2e7ff36d9,C000074,2026-04-16,29.40
c9047c91-66ed-5c58-b397-6c6c34967b2d,C000078,2026-04-17,10.80
9c3bfa9d-cd98-57ca-8d1b-1986ae3d0668,C000061,2026-04-17,303.60
5ee3b6d4-c02c-54ef-a2ae-c88724e925a9,C000026,2026-04-17,241.85
e0c3461b-e6ca-5248-b9a7-853ccbb4e3d9,C000006,2026-04-17,75.75
d9e43571-8e2e-50be-a32a-415ce16f4b87,C000017,2026-04-17,122.00
229bae15-07cc-5d2c-aa96-96dfacb3fd2d,C000075,2026-04-18,163.95
1aa361a4-a723-5a38-a944-0f69d0054db7,C000072,2026-04-18,122.25
20523b40-727c-565b-a24d-a81a6551f425,C000027,2026-04-18,155.05
d720c958-64e9-5361-86dc-5a589d4b6517,C000078,2026-04-19,4.40
d5dcc625-190a-5488-9d24-36d9548c90fd,C000067,2026-04-20,255.45
a22d3edc-47db-569b-9f3d-f9aad726cb49,C000045,2026-04-20,128.85
eee51f76-781f-5c13-b0d6-f0c0db3b8d1d,C000068,2026-04-20,17.10
2baff1f6-b35c-50ff-8fc1-026a9224f2e7,C000028,2026-04-20,22.20
62125cbe-0016-5467-9e08-03f63faacfd9,C000079,2026-04-20,16.30
d3b5ed50-4d63-5353-afde-60ee813ffb05,C000047,2026-04-20,122.25
f5df42f1-bb51-5fa4-b847-cfcb1ff66a68,C000009,2026-04-21,40.30
25b62427-d9e2-5b43-a652-a6895642e483,C000080,2026-04-21,100.80
edb1f5f2-936c-57cd-b928-f19ed66c96dd,C000076,2026-04-22,147.40
95acb409-dbc1-5532-9303-abe4fab51073,C000015,2026-04-22,58.90
72eaf5a4-26ab-50cf-ba59-afb48d6d4eb3,C000071,2026-04-22,56.10
5f860b80-0a0b-5598-8bc2-951f9e3c8382,C000043,2026-04-22,4.10
6466cb06-2466-579c-a567-16d3f596a50c,C000011,2026-04-22,163.35
187a4eab-3801-5efc-afa8-7a37d04e4bbe,C000016,2026-04-23,258.35
cee58eaa-5ab6-534d-b078-f757149d1934,C000034,2026-04-23,21.80
e4572023-e5b1-5822-ad5f-b303696a35da,C000038,2026-04-23,16.45
2afbe65a-a68a-5318-b059-20ca2893ea53,C000006,2026-04-23,142.30
512172f3-0740-54b0-8717-2bf8bfbaaa41,C000007,2026-04-23,129.15
b7cbddb7-2b4b-5b12-9dba-70069839ff74,C000059,2026-04-23,111.35
d7469ec0-832f-505c-8283-246c2da7fba8,C000062,2026-04-23,68.90
d70ca86c-67c9-5f6c-9156-51ace93d3d9d,C000052,2026-04-23,261.50
11990384-3d22-54bc-849b-a84a41e72832,C000056,2026-04-23,98.55
c2af59cc-fb51-5135-b7e2-4202e0272b59,C000022,2026-04-23,131.40
0c8c8ab5-3ed1-55c5-b89a-998d756ab7f9,C000041,2026-04-23,154.90
c30eaa6c-6427-5736-b466-99317bce913e,C000054,2026-04-24,43.70
bd6024c6-f2b7-552a-b640-b8546475302f,C000032,2026-04-24,142.55
337fb8ad-9b3e-504d-9b34-ed1f37c57eff,C000033,2026-04-24,19.20
b3e1d37f-f1a2-5f6f-86f3-894ba6315a14,C000026,2026-04-25,127.70
b863bda5-3cc3-58d2-8fcf-611fccf5f02d,C000042,2026-04-25,156.00
ba0708ca-8d0d-55f7-9e24-cb9b03bc5208,C000030,2026-04-25,127.00
4930745d-791b-5501-bd48-d57c2a61cdce,C000069,2026-04-26,40.40
3de9e3bd-5fdf-511d-bd5c-980f2613e8aa,C000049,2026-04-26,27.80
db765d4c-bf3d-53a0-af80-eaf244f6b794,C000062,2026-04-27,220.30
dd2618c6-5daf-57a2-a984-5db3a7027ed2,C000055,2026-04-27,166.70
dd4ff251-6b21-57d0-91c8-f2934f42ffcf,C000016,2026-04-27,248.45
b6855f77-ef6e-5ab1-b9c1-fbc1fe40de59,C000071,2026-04-27,152.75
90e8c02f-7162-5fb4-9a17-673f4302ce17,C000005,2026-04-27,101.35
38b367fb-8835-56b3-83dc-5da43f3a23ee,C000045,2026-04-27,52.15
f8a9ed42-5738-5f68-b4bf-42169154cb5e,C000037,2026-04-28,92.50
cdd3ce89-2017-5031-8c16-8f35868d7e51,C000056,2026-04-28,170.90
01114d8f-4c3d-5626-95d2-56813097ecec,C000082,2026-04-28,115.30
e5eddce5-9e2d-5015-8f6a-c8d231990807,C000059,2026-04-28,15.65
77b50b3d-2447-5bcd-b3e0-83b553dd2c01,C000077,2026-04-28,111.70
559d6e9b-72ac-5b6a-98ac-6bebf851f830,C000031,2026-04-29,214.40
250eeeda-41f7-5382-a273-1ec646e59c30,C000072,2026-04-29,219.90
5e7cdfa1-0826-50f2-bd83-411b30d05e9c,C000041,2026-04-30,70.00
a34741c7-9fe9-5451-ba7d-d85c0c47d8a4,C000012,2026-04-30,137.50
3127897e-0886-5ed5-a867-c0718365ebfd,C000013,2026-04-30,21.25
f9dba12c-4587-5943-bd09-fcdb6dcaa881,C000066,2026-04-30,121.25
c7cce9d8-e658-56de-be94-d2a0373e44c1,C000021,2026-05-01,159.90
29dac80e-acc4-5a24-a13c-f56d11ee1102,C000006,2026-05-01,188.95
745280c9-9541-54b1-9681-743ba73a9635,C000022,2026-05-01,107.30
38435401-2323-5609-9388-8c80de765d91,C000018,2026-05-01,18.20
c7b27fc3-874a-553c-a522-964cead6a114,C000052,2026-05-01,118.60
